id,label
0,102
1,110
2,115
3,107
4,109
5,101
6,109
7,109
8,106
9,110
10,108
11,106
12,113
13,100
14,109
15,108
16,102
17,107
18,107
19,112
20,110
21,109
22,109
23,109
24,103
25,102
26,109
27,108
28,115
29,102
30,108
31,107
32,109
33,113
34,112
35,115
36,107
37,107
38,101
39,115
40,109
41,109
42,102
43,100
44,100
45,112
46,115
47,110
48,109
49,106
50,100
51,112
52,109
53,113
54,110
55,106
56,101
57,116
58,112
59,101
60,109
61,115
62,115
63,110
64,109
65,100
66,109
67,112
68,109
69,112
70,112
71,114
72,110
73,112
74,116
75,102
76,110
77,101
78,101
79,101
80,109
81,106
82,100
83,102
84,113
85,108
86,110
87,102
88,115
89,104
90,103
91,102
92,102
93,109
94,112
95,115
96,102
97,107
98,106
99,108
100,116
101,108
102,101
103,107
104,107
105,110
106,116
107,115
108,113
109,116
110,103
111,115
112,104
113,104
114,102
115,108
116,106
117,109
118,115
119,107
120,109
121,109
122,108
123,102
124,108
125,106
126,110
127,110
128,102
129,107
130,110
131,102
132,101
133,103
134,113
135,104
136,115
137,110
138,116
139,113
140,112
141,110
142,116
143,116
144,108
145,113
146,115
147,107
148,101
149,113
150,112
151,115
152,100
153,112
154,109
155,101
156,104
157,100
158,104
159,107
160,110
161,113
162,113
163,106
164,102
165,109
166,104
167,109
168,101
169,104
170,110
171,115
172,104
173,108
174,109
175,108
176,109
177,113
178,108
179,110
180,101
181,109
182,110
183,107
184,113
185,109
186,112
187,112
188,100
189,113
190,116
191,110
192,110
193,116
194,108
195,103
196,113
197,100
198,104
199,109
200,104
201,108
202,109
203,109
204,113
205,102
206,113
207,106
208,113
209,112
210,101
211,100
212,102
213,103
214,103
215,113
216,116
217,102
218,101
219,102
220,104
221,116
222,107
223,101
224,102
225,103
226,102
227,115
228,102
229,100
230,116
231,113
232,106
233,106
234,109
235,109
236,103
237,113
238,116
239,104
240,113
241,109
242,116
243,109
244,102
245,107
246,107
247,108
248,109
249,108
250,104
251,110
252,110
253,106
254,110
255,109
256,101
257,102
258,102
259,103
260,108
261,113
262,103
263,107
264,108
265,104
266,116
267,109
268,108
269,108
270,102
271,107
272,116
273,112
274,107
275,101
276,101
277,110
278,109
279,113
280,100
281,115
282,109
283,101
284,110
285,106
286,103
287,112
288,101
289,112
290,109
291,101
292,101
293,107
294,115
295,104
296,115
297,115
298,109
299,102
300,110
301,106
302,112
303,100
304,110
305,101
306,104
307,116
308,116
309,106
310,110
311,116
312,104
313,101
314,102
315,110
316,108
317,109
318,104
319,104
320,102
321,109
322,103
323,109
324,113
325,108
326,106
327,103
328,110
329,115
330,110
331,108
332,109
333,101
334,104
335,116
336,116
337,116
338,107
339,113
340,100
341,110
342,113
343,100
344,109
345,103
346,104
347,115
348,101
349,115
350,101
351,109
352,113
353,112
354,106
355,104
356,110
357,110
358,101
359,116
360,109
361,109
362,109
363,102
364,106
365,102
366,104
367,106
368,110
369,104
370,113
371,109
372,115
373,112
374,100
375,106
376,109
377,116
378,112
379,112
380,102
381,112
382,110
383,103
384,109
385,106
386,107
387,110
388,109
389,109
390,101
391,107
392,103
393,113
394,100
395,115
396,100
397,101
398,104
399,106
400,101
401,103
402,107
403,112
404,101
405,109
406,101
407,102
408,103
409,104
410,110
411,109
412,113
413,115
414,107
415,102
416,113
417,112
418,101
419,101
420,100
421,101
422,109
423,107
424,107
425,110
426,109
427,107
428,110
429,103
430,112
431,102
432,102
433,104
434,112
435,103
436,102
437,109
438,104
439,116
440,116
441,106
442,115
443,101
444,106
445,101
446,113
447,115
448,102
449,102
450,101
451,110
452,107
453,102
454,109
455,116
456,108
457,102
458,113
459,110
460,113
461,103
462,110
463,115
464,112
465,102
466,110
467,104
468,109
469,103
470,106
471,108
472,108
473,113
474,115
475,108
476,108
477,106
478,109
479,102
480,108
481,113
482,103
483,104
484,109
485,104
486,103
487,109
488,112
489,106
490,107
491,108
492,104
493,112
494,109
495,101
496,107
497,102
498,110
499,107
500,116
501,108
502,112
503,103
504,100
505,103
506,108
507,101
508,115
509,110
510,101
511,109
512,101
513,103
514,102
515,107
516,113
517,116
518,102
519,106
520,110
521,107
522,102
523,110
524,106
525,102
526,109
527,110
528,112
529,109
530,108
531,104
532,110
533,115
534,110
535,116
536,116
537,102
538,115
539,104
540,109
541,106
542,109
543,108
544,112
545,101
546,106
547,109
548,102
549,103
550,108
551,102
552,116
553,102
554,109
555,107
556,107
557,104
558,104
559,108
560,112
561,112
562,102
563,106
564,100
565,109
566,107
567,109
568,102
569,109
570,108
571,115
572,103
573,116
574,115
575,101
576,112
577,109
578,101
579,113
580,116
581,102
582,102
583,100
584,110
585,112
586,116
587,106
588,103
589,107
590,102
591,112
592,110
593,103
594,106
595,109
596,101
597,109
598,113
599,102
600,108
601,110
602,108
603,107
604,102
605,103
606,116
607,113
608,110
609,108
610,101
611,107
612,101
613,115
614,115
615,102
616,103
617,107
618,102
619,101
620,109
621,109
622,103
623,110
624,106
625,101
626,109
627,116
628,101
629,110
630,109
631,104
632,115
633,116
634,112
635,110
636,104
637,101
638,116
639,103
640,101
641,116
642,100
643,110
644,108
645,116
646,110
647,100
648,102
649,106
650,109
651,107
652,101
653,110
654,102
655,104
656,109
657,110
658,116
659,110
660,115
661,113
662,112
663,115
664,107
665,101
666,109
667,109
668,108
669,101
670,110
671,115
672,104
673,115
674,110
675,104
676,102
677,113
678,109
679,100
680,110
681,103
682,106
683,107
684,107
685,106
686,107
687,109
688,102
689,109
690,107
691,102
692,115
693,102
694,101
695,101
696,109
697,106
698,110
699,101
700,102
701,102
702,110
703,113
704,116
705,107
706,110
707,101
708,113
709,102
710,112
711,102
712,109
713,109
714,100
715,101
716,114
717,100
718,109
719,101
720,108
721,106
722,109
723,102
724,110
725,113
726,107
727,104
728,115
729,103
730,109
731,102
732,102
733,109
734,115
735,109
736,101
737,100
738,107
739,115
740,104
741,100
742,116
743,109
744,101
745,110
746,103
747,113
748,110
749,109
750,110
751,110
752,113
753,107
754,110
755,115
756,109
757,102
758,100
759,116
760,112
761,109
762,101
763,107
764,104
765,103
766,109
767,103
768,115
769,113
770,100
771,100
772,104
773,108
774,109
775,102
776,101
777,107
778,103
779,100
780,106
781,102
782,106
783,103
784,113
785,113
786,107
787,101
788,100
789,109
790,107
791,107
792,108
793,107
794,102
795,100
796,110
797,115
798,109
799,106
800,106
801,101
802,113
803,102
804,102
805,106
806,108
807,110
808,115
809,106
810,107
811,107
812,100
813,115
814,102
815,110
816,106
817,103
818,109
819,106
820,116
821,112
822,115
823,101
824,102
825,104
826,101
827,112
828,108
829,110
830,113
831,115
832,109
833,115
834,109
835,101
836,109
837,109
838,102
839,101
840,102
841,115
842,102
843,114
844,107
845,109
846,107
847,109
848,110
849,102
850,104
851,109
852,102
853,109
854,112
855,107
856,103
857,110
858,108
859,109
860,104
861,110
862,106
863,104
864,102
865,103
866,103
867,103
868,113
869,115
870,107
871,103
872,109
873,110
874,102
875,110
876,110
877,109
878,107
879,106
880,101
881,108
882,106
883,102
884,109
885,107
886,115
887,101
888,104
889,101
890,101
891,115
892,109
893,107
894,103
895,116
896,101
897,109
898,107
899,109
900,113
901,116
902,104
903,108
904,102
905,115
906,106
907,107
908,103
909,106
910,104
911,107
912,100
913,110
914,102
915,106
916,107
917,108
918,106
919,109
920,113
921,109
922,100
923,116
924,112
925,116
926,106
927,103
928,112
929,107
930,109
931,107
932,101
933,102
934,103
935,104
936,108
937,104
938,109
939,109
940,102
941,102
942,109
943,109
944,104
945,109
946,101
947,103
948,116
949,101
950,101
951,104
952,101
953,110
954,113
955,102
956,102
957,101
958,113
959,100
960,104
961,103
962,113
963,107
964,107
965,104
966,109
967,104
968,109
969,107
970,110
971,113
972,108
973,102
974,112
975,104
976,107
977,109
978,104
979,101
980,112
981,112
982,107
983,110
984,110
985,103
986,113
987,101
988,110
989,115
990,109
991,113
992,110
993,104
994,102
995,101
996,108
997,113
998,101
999,101
1000,107
1001,113
1002,102
1003,110
1004,113
1005,101
1006,112
1007,107
1008,101
1009,106
1010,115
1011,107
1012,116
1013,103
1014,101
1015,109
1016,108
1017,104
1018,115
1019,100
1020,106
1021,107
1022,100
1023,106
1024,101
1025,106
1026,100
1027,109
1028,116
1029,115
1030,107
1031,106
1032,102
1033,102
1034,110
1035,103
1036,107
1037,103
1038,108
1039,109
1040,116
1041,106
1042,101
1043,101
1044,112
1045,101
1046,101
1047,115
1048,116
1049,104
1050,113
1051,113
1052,104
1053,102
1054,102
1055,110
1056,100
1057,100
1058,104
1059,110
1060,110
1061,104
1062,109
1063,102
1064,110
1065,101
1066,107
1067,109
1068,102
1069,109
1070,115
1071,108
1072,107
1073,102
1074,108
1075,116
1076,108
1077,110
1078,108
1079,115
1080,103
1081,109
1082,104
1083,107
1084,109
1085,109
1086,103
1087,110
1088,104
1089,100
1090,109
1091,102
1092,101
1093,106
1094,109
1095,116
1096,116
1097,100
1098,109
1099,104
1100,110
1101,107
1102,116
1103,113
1104,103
1105,116
1106,106
1107,113
1108,107
1109,101
1110,109
1111,113
1112,102
1113,106
1114,115
1115,109
1116,112
1117,103
1118,106
1119,108
1120,110
1121,108
1122,108
1123,109
1124,110
1125,115
1126,112
1127,113
1128,102
1129,110
1130,100
1131,109
1132,110
1133,102
1134,103
1135,110
1136,102
1137,104
1138,100
1139,108
1140,109
1141,106
1142,109
1143,106
1144,113
1145,109
1146,101
1147,109
1148,109
1149,110
1150,102
1151,101
1152,106
1153,107
1154,115
1155,107
1156,101
1157,101
1158,116
1159,100
1160,109
1161,100
1162,116
1163,115
1164,108
1165,100
1166,104
1167,106
1168,101
1169,113
1170,113
1171,104
1172,103
1173,110
1174,103
1175,112
1176,104
1177,108
1178,106
1179,102
1180,104
1181,109
1182,103
1183,102
1184,104
1185,106
1186,101
1187,110
1188,104
1189,112
1190,104
1191,113
1192,104
1193,113
1194,110
1195,101
1196,101
1197,102
1198,101
1199,100
1200,101
1201,101
1202,106
1203,110
1204,115
1205,110
1206,109
1207,101
1208,113
1209,103
1210,102
1211,103
1212,102
1213,110
1214,106
1215,115
1216,110
1217,109
1218,110
1219,101
1220,110
1221,115
1222,116
1223,108
1224,103
1225,107
1226,103
1227,109
1228,112
1229,115
1230,101
1231,108
1232,104
1233,108
1234,104
1235,110
1236,110
1237,108
1238,106
1239,107
1240,104
1241,113
1242,109
1243,107
1244,113
1245,112
1246,103
1247,109
1248,101
1249,104
1250,107
1251,115
1252,109
1253,113
1254,104
1255,115
1256,102
1257,102
1258,101
1259,108
1260,102
1261,102
1262,110
1263,100
1264,110
1265,104
1266,110
1267,112
1268,116
1269,116
1270,102
1271,109
1272,104
1273,106
1274,109
1275,113
1276,104
1277,109
1278,107
1279,108
1280,110
1281,112
1282,116
1283,102
1284,108
1285,116
1286,110
1287,106
1288,116
1289,102
1290,112
1291,110
1292,106
1293,102
1294,107
1295,116
1296,110
1297,102
1298,108
1299,110
1300,109
1301,104
1302,108
1303,102
1304,107
1305,103
1306,110
1307,113
1308,107
1309,112
1310,115
1311,112
1312,100
1313,115
1314,116
1315,103
1316,107
1317,107
1318,102
1319,115
1320,113
1321,113
1322,112
1323,106
1324,108
1325,113
1326,101
1327,102
1328,107
1329,107
1330,108
1331,106
1332,102
1333,107
1334,103
1335,109
1336,110
1337,109
1338,103
1339,104
1340,102
1341,103
1342,109
1343,100
1344,113
1345,113
1346,108
1347,116
1348,109
1349,102
1350,101
1351,108
1352,106
1353,110
1354,104
1355,100
1356,116
1357,116
1358,102
1359,104
1360,115
1361,115
1362,104
1363,103
1364,104
1365,104
1366,103
1367,104
1368,115
1369,104
1370,110
1371,102
1372,106
1373,102
1374,112
1375,113
1376,109
1377,102
1378,107
1379,101
1380,113
1381,102
1382,108
1383,103
1384,102
1385,106
1386,108
1387,104
1388,103
1389,116
1390,104
1391,102
1392,102
1393,100
1394,100
1395,107
1396,100
1397,101
1398,109
1399,116
1400,116
1401,109
1402,106
1403,103
1404,109
1405,107
1406,102
1407,112
1408,113
1409,101
1410,107
1411,110
1412,101
1413,108
1414,102
1415,116
1416,103
1417,104
1418,116
1419,110
1420,109
1421,104
1422,116
1423,115
1424,109
1425,100
1426,109
1427,104
1428,113
1429,112
1430,102
1431,116
1432,109
1433,101
1434,115
1435,112
1436,101
1437,108
1438,103
1439,108
1440,100
1441,112
1442,102
1443,102
1444,104
1445,109
1446,113
1447,115
1448,112
1449,109
1450,116
1451,106
1452,109
1453,107
1454,102
1455,113
1456,101
1457,112
1458,109
1459,110
1460,106
1461,113
1462,100
1463,109
1464,103
1465,107
1466,109
1467,107
1468,103
1469,115
1470,109
1471,104
1472,116
1473,109
1474,101
1475,101
1476,108
1477,108
1478,104
1479,107
1480,107
1481,110
1482,113
1483,102
1484,101
1485,101
1486,109
1487,108
1488,103
1489,109
1490,110
1491,109
1492,110
1493,116
1494,108
1495,110
1496,109
1497,110
1498,103
1499,106
1500,103
1501,106
1502,113
1503,109
1504,101
1505,100
1506,108
1507,108
1508,115
1509,110
1510,108
1511,116
1512,106
1513,113
1514,115
1515,108
1516,112
1517,110
1518,116
1519,103
1520,104
1521,116
1522,107
1523,109
1524,101
1525,108
1526,110
1527,107
1528,109
1529,104
1530,109
1531,110
1532,113
1533,101
1534,108
1535,108
1536,110
1537,102
1538,113
1539,104
1540,113
1541,102
1542,101
1543,107
1544,103
1545,103
1546,109
1547,106
1548,107
1549,109
1550,112
1551,109
1552,103
1553,101
1554,109
1555,102
1556,106
1557,110
1558,115
1559,102
1560,116
1561,102
1562,101
1563,109
1564,108
1565,102
1566,110
1567,109
1568,106
1569,110
1570,115
1571,109
1572,101
1573,103
1574,113
1575,107
1576,113
1577,112
1578,101
1579,102
1580,106
1581,100
1582,106
1583,109
1584,102
1585,103
1586,113
1587,109
1588,108
1589,113
1590,110
1591,109
1592,104
1593,110
1594,104
1595,110
1596,107
1597,116
1598,115
1599,104
1600,110
1601,115
1602,110
1603,116
1604,103
1605,100
1606,102
1607,108
1608,113
1609,112
1610,113
1611,110
1612,103
1613,107
1614,110
1615,104
1616,106
1617,103
1618,110
1619,108
1620,109
1621,107
1622,116
1623,109
1624,101
1625,102
1626,108
1627,110
1628,109
1629,108
1630,103
1631,103
1632,101
1633,115
1634,115
1635,108
1636,102
1637,109
1638,109
1639,107
1640,112
1641,102
1642,107
1643,100
1644,101
1645,116
1646,107
1647,109
1648,109
1649,107
1650,101
1651,110
1652,116
1653,113
1654,102
1655,110
1656,113
1657,110
1658,102
1659,101
1660,116
1661,109
1662,108
1663,116
1664,102
1665,108
1666,104
1667,113
1668,102
1669,108
1670,102
1671,116
1672,107
1673,110
1674,102
1675,103
1676,103
1677,108
1678,110
1679,101
1680,102
1681,102
1682,100
1683,116
1684,101
1685,101
1686,108
1687,108
1688,110
1689,112
1690,101
1691,104
1692,107
1693,109
1694,106
1695,102
1696,113
1697,109
1698,115
1699,116
1700,106
1701,101
1702,110
1703,102
1704,102
1705,100
1706,110
1707,106
1708,110
1709,102
1710,101
1711,107
1712,100
1713,103
1714,115
1715,113
1716,110
1717,112
1718,110
1719,104
1720,110
1721,110
1722,103
1723,113
1724,110
1725,107
1726,101
1727,109
1728,104
1729,102
1730,110
1731,113
1732,102
1733,113
1734,115
1735,116
1736,102
1737,110
1738,113
1739,110
1740,107
1741,101
1742,101
1743,102
1744,116
1745,101
1746,101
1747,108
1748,110
1749,102
1750,113
1751,109
1752,107
1753,116
1754,103
1755,116
1756,110
1757,102
1758,102
1759,110
1760,102
1761,112
1762,109
1763,113
1764,116
1765,113
1766,109
1767,110
1768,109
1769,106
1770,102
1771,102
1772,102
1773,107
1774,106
1775,107
1776,103
1777,102
1778,104
1779,107
1780,109
1781,101
1782,103
1783,109
1784,109
1785,107
1786,103
1787,113
1788,109
1789,102
1790,104
1791,110
1792,115
1793,100
1794,113
1795,115
1796,104
1797,115
1798,116
1799,102
1800,102
1801,100
1802,113
1803,110
1804,104
1805,108
1806,110
1807,116
1808,107
1809,109
1810,102
1811,109
1812,109
1813,107
1814,116
1815,106
1816,106
1817,102
1818,115
1819,113
1820,116
1821,110
1822,101
1823,110
1824,106
1825,101
1826,103
1827,104
1828,116
1829,116
1830,113
1831,112
1832,100
1833,109
1834,108
1835,104
1836,106
1837,103
1838,112
1839,100
1840,109
1841,108
1842,102
1843,109
1844,109
1845,110
1846,107
1847,104
1848,113
1849,108
1850,107
1851,110
1852,116
1853,101
1854,102
1855,107
1856,107
1857,102
1858,102
1859,101
1860,115
1861,109
1862,106
1863,112
1864,109
1865,112
1866,109
1867,113
1868,102
1869,107
1870,109
1871,113
1872,102
1873,103
1874,116
1875,104
1876,115
1877,109
1878,109
1879,102
1880,109
1881,102
1882,108
1883,102
1884,102
1885,106
1886,109
1887,107
1888,109
1889,109
1890,116
1891,107
1892,109
1893,104
1894,104
1895,101
1896,102
1897,110
1898,113
1899,101
1900,112
1901,108
1902,104
1903,112
1904,113
1905,107
1906,116
1907,113
1908,104
1909,100
1910,116
1911,113
1912,101
1913,106
1914,116
1915,116
1916,102
1917,101
1918,103
1919,100
1920,104
1921,101
1922,110
1923,102
1924,108
1925,102
1926,110
1927,109
1928,107
1929,102
1930,108
1931,101
1932,100
1933,103
1934,104
1935,100
1936,109
1937,110
1938,107
1939,113
1940,110
1941,113
1942,101
1943,103
1944,109
1945,109
1946,101
1947,113
1948,108
1949,115
1950,116
1951,107
1952,115
1953,109
1954,103
1955,109
1956,106
1957,102
1958,109
1959,107
1960,116
1961,102
1962,100
1963,101
1964,109
1965,101
1966,113
1967,100
1968,116
1969,102
1970,112
1971,112
1972,112
1973,108
1974,113
1975,101
1976,115
1977,109
1978,102
1979,102
1980,109
1981,101
1982,110
1983,116
1984,103
1985,104
1986,110
1987,108
1988,107
1989,102
1990,101
1991,102
1992,108
1993,116
1994,101
1995,109
1996,103
1997,106
1998,103
1999,115
2000,110
2001,110
2002,103
2003,104
2004,110
2005,110
2006,102
2007,101
2008,101
2009,110
2010,104
2011,116
2012,107
2013,110
2014,102
2015,107
2016,108
2017,108
2018,113
2019,106
2020,110
2021,112
2022,110
2023,113
2024,102
2025,103
2026,112
2027,108
2028,116
2029,107
2030,109
2031,103
2032,108
2033,102
2034,104
2035,106
2036,103
2037,100
2038,110
2039,113
2040,107
2041,102
2042,103
2043,108
2044,103
2045,108
2046,104
2047,108
2048,109
2049,103
2050,107
2051,113
2052,103
2053,101
2054,110
2055,115
2056,102
2057,113
2058,103
2059,110
2060,112
2061,107
2062,100
2063,103
2064,103
2065,103
2066,102
2067,113
2068,106
2069,116
2070,100
2071,115
2072,103
2073,108
2074,110
2075,116
2076,109
2077,106
2078,106
2079,116
2080,101
2081,100
2082,102
2083,100
2084,113
2085,107
2086,116
2087,109
2088,106
2089,102
2090,108
2091,109
2092,110
2093,103
2094,101
2095,100
2096,102
2097,108
2098,109
2099,109
2100,102
2101,108
2102,107
2103,100
2104,114
2105,112
2106,107
2107,110
2108,109
2109,116
2110,115
2111,113
2112,112
2113,103
2114,116
2115,102
2116,115
2117,109
2118,109
2119,113
2120,101
2121,104
2122,110
2123,112
2124,102
2125,115
2126,108
2127,103
2128,104
2129,102
2130,100
2131,116
2132,101
2133,108
2134,102
2135,107
2136,102
2137,101
2138,109
2139,109
2140,107
2141,104
2142,104
2143,102
2144,107
2145,106
2146,108
2147,101
2148,108
2149,109
2150,112
2151,113
2152,104
2153,102
2154,101
2155,116
2156,107
2157,104
2158,103
2159,110
2160,109
2161,103
2162,104
2163,109
2164,103
2165,109
2166,116
2167,103
2168,113
2169,112
2170,110
2171,110
2172,108
2173,103
2174,113
2175,100
2176,113
2177,110
2178,110
2179,110
2180,115
2181,110
2182,101
2183,100
2184,109
2185,116
2186,103
2187,109
2188,115
2189,112
2190,100
2191,106
2192,112
2193,113
2194,108
2195,112
2196,109
2197,101
2198,102
2199,100
2200,109
2201,112
2202,109
2203,102
2204,109
2205,113
2206,102
2207,100
2208,110
2209,109
2210,100
2211,110
2212,104
2213,108
2214,103
2215,103
2216,112
2217,109
2218,110
2219,116
2220,108
2221,115
2222,109
2223,103
2224,109
2225,113
2226,104
2227,103
2228,110
2229,109
2230,103
2231,108
2232,102
2233,106
2234,103
2235,102
2236,106
2237,101
2238,108
2239,108
2240,112
2241,112
2242,113
2243,108
2244,109
2245,109
2246,113
2247,109
2248,102
2249,109
2250,109
2251,109
2252,100
2253,108
2254,103
2255,101
2256,104
2257,110
2258,116
2259,101
2260,109
2261,101
2262,115
2263,103
2264,109
2265,110
2266,102
2267,109
2268,115
2269,103
2270,102
2271,109
2272,106
2273,104
2274,116
2275,110
2276,108
2277,101
2278,113
2279,107
2280,106
2281,109
2282,107
2283,115
2284,115
2285,104
2286,113
2287,106
2288,104
2289,110
2290,115
2291,101
2292,109
2293,106
2294,116
2295,102
2296,100
2297,104
2298,110
2299,113
2300,115
2301,103
2302,110
2303,103
2304,104
2305,103
2306,101
2307,101
2308,107
2309,109
2310,110
2311,109
2312,115
2313,103
2314,101
2315,101
2316,108
2317,112
2318,109
2319,116
2320,109
2321,112
2322,109
2323,109
2324,102
2325,109
2326,113
2327,116
2328,115
2329,100
2330,101
2331,109
2332,115
2333,112
2334,102
2335,102
2336,107
2337,110
2338,100
2339,113
2340,102
2341,103
2342,102
2343,102
2344,101
2345,115
2346,116
2347,116
2348,108
2349,113
2350,106
2351,112
2352,109
2353,108
2354,102
2355,116
2356,109
2357,101
2358,109
2359,110
2360,101
2361,116
2362,108
2363,101
2364,103
2365,102
2366,102
2367,109
2368,102
2369,107
2370,110
2371,101
2372,110
2373,107
2374,100
2375,101
2376,102
2377,102
2378,101
2379,116
2380,110
2381,109
2382,107
2383,103
2384,109
2385,115
2386,101
2387,100
2388,101
2389,116
2390,110
2391,112
2392,112
2393,110
2394,102
2395,109
2396,109
2397,109
2398,102
2399,108
2400,109
2401,109
2402,106
2403,100
2404,102
2405,102
2406,104
2407,115
2408,104
2409,100
2410,115
2411,112
2412,115
2413,110
2414,113
2415,113
2416,109
2417,101
2418,109
2419,113
2420,109
2421,104
2422,107
2423,101
2424,102
2425,115
2426,116
2427,102
2428,100
2429,103
2430,108
2431,112
2432,109
2433,112
2434,109
2435,115
2436,112
2437,116
2438,112
2439,104
2440,116
2441,102
2442,101
2443,109
2444,109
2445,101
2446,107
2447,103
2448,115
2449,103
2450,103
2451,109
2452,104
2453,106
2454,109
2455,100
2456,109
2457,116
2458,102
2459,102
2460,112
2461,103
2462,108
2463,113
2464,104
2465,106
2466,113
2467,115
2468,102
2469,106
2470,102
2471,107
2472,116
2473,110
2474,113
2475,104
2476,115
2477,109
2478,113
2479,103
2480,115
2481,106
2482,115
2483,110
2484,101
2485,102
2486,106
2487,108
2488,113
2489,108
2490,116
2491,102
2492,102
2493,112
2494,102
2495,109
2496,108
2497,113
2498,102
2499,102
2500,103
2501,108
2502,116
2503,107
2504,108
2505,109
2506,102
2507,109
2508,115
2509,108
2510,112
2511,103
2512,110
2513,102
2514,110
2515,102
2516,102
2517,116
2518,108
2519,115
2520,101
2521,112
2522,107
2523,107
2524,116
2525,110
2526,101
2527,100
2528,108
2529,102
2530,109
2531,116
2532,100
2533,110
2534,104
2535,103
2536,110
2537,104
2538,115
2539,109
2540,100
2541,106
2542,102
2543,102
2544,109
2545,116
2546,108
2547,101
2548,110
2549,101
2550,116
2551,107
2552,116
2553,102
2554,104
2555,112
2556,101
2557,101
2558,113
2559,109
2560,116
2561,115
2562,109
2563,108
2564,104
2565,109
2566,113
2567,101
2568,108
2569,110
2570,113
2571,110
2572,103
2573,101
2574,110
2575,112
2576,102
2577,108
2578,115
2579,108
2580,108
2581,113
2582,101
2583,115
2584,112
2585,109
2586,107
2587,103
2588,106
2589,113
2590,113
2591,116
2592,109
2593,108
2594,107
2595,112
2596,109
2597,100
2598,109
2599,102
2600,116
2601,109
2602,102
2603,110
2604,102
2605,109
2606,116
2607,102
2608,106
2609,116
2610,106
2611,108
2612,109
2613,110
2614,114
2615,109
2616,113
2617,102
2618,109
2619,101
2620,113
2621,116
2622,109
2623,116
2624,101
2625,116
2626,116
2627,104
2628,107
2629,101
2630,116
2631,103
2632,106
2633,113
2634,108
2635,107
2636,112
2637,108
2638,110
2639,112
2640,113
2641,103
2642,116
2643,110
2644,106
2645,115
2646,103
2647,107
2648,106
2649,115
2650,107
2651,115
2652,102
2653,101
2654,109
2655,107
2656,108
2657,109
2658,109
2659,113
2660,115
2661,113
2662,109
2663,107
2664,110
2665,110
2666,115
2667,113
2668,113
2669,106
2670,113
2671,108
2672,102
2673,108
2674,107
2675,110
2676,103
2677,110
2678,107
2679,109
2680,106
2681,108
2682,103
2683,109
2684,104
2685,104
2686,101
2687,106
2688,107
2689,107
2690,108
2691,113
2692,101
2693,102
2694,110
2695,115
2696,108
2697,106
2698,115
2699,104
2700,109
2701,104
2702,104
2703,104
2704,113
2705,102
2706,116
2707,115
2708,112
2709,104
2710,102
2711,110
2712,109
2713,112
2714,104
2715,106
2716,103
2717,103
2718,101
2719,108
2720,109
2721,103
2722,104
2723,115
2724,102
2725,107
2726,102
2727,101
2728,102
2729,103
2730,101
2731,116
2732,104
2733,116
2734,109
2735,102
2736,102
2737,115
2738,103
2739,101
2740,103
2741,112
2742,101
2743,115
2744,107
2745,112
2746,110
2747,100
2748,103
2749,106
2750,109
2751,108
2752,102
2753,101
2754,102
2755,115
2756,102
2757,102
2758,107
2759,113
2760,112
2761,103
2762,108
2763,109
2764,103
2765,109
2766,107
2767,108
2768,110
2769,113
2770,112
2771,116
2772,102
2773,113
2774,102
2775,113
2776,104
2777,109
2778,104
2779,116
2780,116
2781,112
2782,101
2783,107
2784,109
2785,104
2786,109
2787,113
2788,104
2789,113
2790,116
2791,109
2792,109
2793,109
2794,109
2795,110
2796,102
2797,104
2798,106
2799,104
2800,107
2801,108
2802,112
2803,102
2804,103
2805,109
2806,115
2807,109
2808,100
2809,101
2810,103
2811,103
2812,107
2813,101
2814,106
2815,103
2816,113
2817,104
2818,102
2819,107
2820,114
2821,108
2822,110
2823,107
2824,106
2825,102
2826,106
2827,109
2828,110
2829,109
2830,112
2831,107
2832,109
2833,104
2834,102
2835,102
2836,102
2837,101
2838,110
2839,102
2840,112
2841,109
2842,109
2843,115
2844,109
2845,115
2846,102
2847,107
2848,113
2849,110
2850,108
2851,106
2852,112
2853,108
2854,109
2855,113
2856,109
2857,108
2858,113
2859,116
2860,110
2861,108
2862,109
2863,102
2864,109
2865,106
2866,113
2867,115
2868,109
2869,110
2870,106
2871,101
2872,110
2873,106
2874,109
2875,104
2876,113
2877,106
2878,103
2879,104
2880,103
2881,109
2882,102
2883,102
2884,101
2885,100
2886,106
2887,104
2888,104
2889,115
2890,106
2891,102
2892,101
2893,103
2894,109
2895,101
2896,108
2897,116
2898,102
2899,109
2900,104
2901,116
2902,109
2903,101
2904,115
2905,101
2906,103
2907,104
2908,109
2909,110
2910,116
2911,113
2912,107
2913,110
2914,109
2915,109
2916,109
2917,113
2918,101
2919,102
2920,104
2921,110
2922,110
2923,101
2924,112
2925,104
2926,109
2927,103
2928,103
2929,104
2930,103
2931,110
2932,107
2933,106
2934,109
2935,101
2936,101
2937,113
2938,113
2939,112
2940,109
2941,108
2942,109
2943,102
2944,102
2945,112
2946,102
2947,115
2948,104
2949,108
2950,112
2951,104
2952,109
2953,109
2954,106
2955,102
2956,112
2957,115
2958,103
2959,110
2960,115
2961,102
2962,104
2963,107
2964,109
2965,102
2966,109
2967,110
2968,108
2969,112
2970,112
2971,102
2972,108
2973,116
2974,113
2975,108
2976,113
2977,102
2978,101
2979,101
2980,113
2981,113
2982,106
2983,113
2984,108
2985,101
2986,103
2987,102
2988,109
2989,101
2990,103
2991,113
2992,107
2993,101
2994,107
2995,113
2996,101
2997,107
2998,110
2999,113
3000,102
3001,103
3002,101
3003,102
3004,108
3005,116
3006,102
3007,109
3008,102
3009,104
3010,115
3011,107
3012,107
3013,115
3014,115
3015,108
3016,109
3017,104
3018,109
3019,106
3020,103
3021,103
3022,109
3023,112
3024,106
3025,106
3026,107
3027,109
3028,113
3029,115
3030,101
3031,109
3032,108
3033,115
3034,115
3035,116
3036,109
3037,109
3038,113
3039,110
3040,104
3041,101
3042,106
3043,107
3044,112
3045,102
3046,116
3047,102
3048,109
3049,116
3050,100
3051,112
3052,109
3053,101
3054,102
3055,109
3056,110
3057,110
3058,110
3059,104
3060,100
3061,109
3062,104
3063,113
3064,115
3065,109
3066,109
3067,102
3068,113
3069,103
3070,107
3071,116
3072,108
3073,113
3074,107
3075,112
3076,108
3077,100
3078,116
3079,109
3080,109
3081,101
3082,103
3083,110
3084,109
3085,101
3086,102
3087,109
3088,106
3089,113
3090,102
3091,107
3092,113
3093,103
3094,108
3095,107
3096,104
3097,106
3098,112
3099,115
3100,104
3101,107
3102,106
3103,102
3104,106
3105,109
3106,104
3107,103
3108,112
3109,102
3110,100
3111,102
3112,101
3113,108
3114,102
3115,102
3116,110
3117,109
3118,101
3119,106
3120,102
3121,115
3122,100
3123,104
3124,104
3125,109
3126,100
3127,115
3128,104
3129,104
3130,106
3131,112
3132,102
3133,108
3134,100
3135,110
3136,110
3137,100
3138,110
3139,108
3140,101
3141,115
3142,104
3143,110
3144,109
3145,109
3146,101
3147,107
3148,104
3149,108
3150,113
3151,102
3152,104
3153,104
3154,104
3155,107
3156,110
3157,101
3158,102
3159,113
3160,100
3161,100
3162,109
3163,102
3164,108
3165,102
3166,104
3167,116
3168,102
3169,102
3170,115
3171,109
3172,110
3173,108
3174,102
3175,110
3176,108
3177,102
3178,109
3179,101
3180,102
3181,107
3182,104
3183,101
3184,113
3185,113
3186,104
3187,101
3188,103
3189,101
3190,100
3191,107
3192,110
3193,101
3194,101
3195,110
3196,110
3197,112
3198,101
3199,107
3200,112
3201,100
3202,109
3203,104
3204,104
3205,110
3206,116
3207,100
3208,107
3209,110
3210,104
3211,106
3212,102
3213,101
3214,116
3215,101
3216,103
3217,102
3218,113
3219,115
3220,102
3221,109
3222,110
3223,106
3224,102
3225,101
3226,102
3227,109
3228,107
3229,113
3230,110
3231,116
3232,101
3233,104
3234,107
3235,116
3236,107
3237,107
3238,107
3239,101
3240,112
3241,102
3242,116
3243,109
3244,107
3245,110
3246,110
3247,113
3248,113
3249,109
3250,109
3251,109
3252,116
3253,107
3254,108
3255,109
3256,110
3257,106
3258,107
3259,100
3260,116
3261,110
3262,115
3263,109
3264,107
3265,100
3266,112
3267,112
3268,103
3269,115
3270,113
3271,104
3272,110
3273,113
3274,102
3275,104
3276,107
3277,110
3278,103
3279,109
3280,103
3281,109
3282,100
3283,102
3284,102
3285,109
3286,102
3287,113
3288,108
3289,100
3290,106
3291,110
3292,108
3293,104
3294,102
3295,113
3296,113
3297,113
3298,107
3299,106
3300,113
3301,109
3302,104
3303,104
3304,116
3305,108
3306,101
3307,107
3308,110
3309,103
3310,102
3311,113
3312,104
3313,116
3314,110
3315,103
3316,109
3317,116
3318,106
3319,109
3320,113
3321,101
3322,108
3323,108
3324,112
3325,108
3326,115
3327,101
3328,102
3329,113
3330,102
3331,103
3332,110
3333,115
3334,110
3335,104
3336,113
3337,108
3338,107
3339,109
3340,110
3341,108
3342,110
3343,103
3344,116
3345,106
3346,115
3347,116
3348,106
3349,110
3350,110
3351,109
3352,112
3353,108
3354,102
3355,113
3356,116
3357,103
3358,107
3359,102
3360,115
3361,107
3362,100
3363,101
3364,112
3365,112
3366,110
3367,104
3368,109
3369,107
3370,102
3371,115
3372,112
3373,115
3374,102
3375,101
3376,109
3377,116
3378,101
3379,103
3380,112
3381,109
3382,109
3383,110
3384,116
3385,102
3386,116
3387,108
3388,101
3389,116
3390,108
3391,101
3392,106
3393,113
3394,104
3395,110
3396,115
3397,102
3398,109
3399,108
3400,100
3401,109
3402,102
3403,104
3404,101
3405,109
3406,108
3407,109
3408,102
3409,115
3410,101
3411,108
3412,112
3413,100
3414,102
3415,116
3416,102
3417,112
3418,108
3419,109
3420,101
3421,110
3422,106
3423,103
3424,110
3425,103
3426,112
3427,115
3428,102
3429,104
3430,102
3431,110
3432,103
3433,102
3434,110
3435,103
3436,102
3437,102
3438,101
3439,110
3440,107
3441,108
3442,103
3443,100
3444,107
3445,106
3446,116
3447,107
3448,109
3449,102
3450,102
3451,109
3452,109
3453,104
3454,110
3455,110
3456,102
3457,113
3458,109
3459,110
3460,102
3461,102
3462,101
3463,110
3464,109
3465,101
3466,116
3467,116
3468,101
3469,112
3470,116
3471,109
3472,116
3473,110
3474,109
3475,104
3476,102
3477,100
3478,109
3479,116
3480,108
3481,103
3482,104
3483,106
3484,116
3485,106
3486,113
3487,101
3488,101
3489,113
3490,109
3491,110
3492,109
3493,116
3494,109
3495,107
3496,100
3497,101
3498,109
3499,101
3500,102
3501,110
3502,107
3503,104
3504,109
3505,110
3506,110
3507,115
3508,107
3509,107
3510,104
3511,114
3512,110
3513,112
3514,115
3515,101
3516,103
3517,110
3518,106
3519,112
3520,107
3521,101
3522,108
3523,102
3524,113
3525,108
3526,109
3527,115
3528,114
3529,109
3530,102
3531,106
3532,107
3533,109
3534,100
3535,109
3536,101
3537,115
3538,107
3539,109
3540,107
3541,108
3542,100
3543,109
3544,107
3545,113
3546,109
3547,110
3548,102
3549,102
3550,103
3551,109
3552,108
3553,110
3554,107
3555,116
3556,100
3557,102
3558,103
3559,112
3560,115
3561,116
3562,108
3563,112
3564,108
3565,109
3566,101
3567,109
3568,113
3569,104
3570,101
3571,100
3572,104
3573,101
3574,108
3575,109
3576,102
3577,102
3578,108
3579,110
3580,102
3581,115
3582,109
3583,108
3584,104
3585,110
3586,106
3587,103
3588,115
3589,108
3590,115
3591,107
3592,110
3593,102
3594,101
3595,115
3596,108
3597,108
3598,101
3599,102
3600,103
3601,103
3602,104
3603,107
3604,109
3605,113
3606,107
3607,108
3608,107
3609,115
3610,116
3611,100
3612,112
3613,104
3614,100
3615,112
3616,109
3617,102
3618,109
3619,109
3620,113
3621,110
3622,101
3623,106
3624,103
3625,109
3626,102
3627,101
3628,112
3629,104
3630,107
3631,114
3632,110
3633,102
3634,112
3635,102
3636,112
3637,102
3638,110
3639,115
3640,101
3641,106
3642,106
3643,109
3644,100
3645,113
3646,104
3647,116
3648,109
3649,102
3650,101
3651,110
3652,104
3653,102
3654,109
3655,112
3656,102
3657,108
3658,113
3659,109
3660,104
3661,109
3662,101
3663,107
3664,100
3665,112
3666,115
3667,116
3668,101
3669,109
3670,104
3671,110
3672,108
3673,102
3674,109
3675,102
3676,109
3677,104
3678,108
3679,116
3680,103
3681,116
3682,109
3683,102
3684,113
3685,101
3686,103
3687,106
3688,109
3689,112
3690,108
3691,103
3692,103
3693,103
3694,109
3695,104
3696,103
3697,109
3698,116
3699,107
3700,109
3701,107
3702,101
3703,109
3704,113
3705,109
3706,115
3707,101
3708,108
3709,109
3710,110
3711,107
3712,112
3713,104
3714,115
3715,103
3716,102
3717,107
3718,101
3719,113
3720,115
3721,103
3722,116
3723,102
3724,107
3725,116
3726,112
3727,109
3728,112
3729,116
3730,102
3731,107
3732,101
3733,102
3734,113
3735,106
3736,103
3737,112
3738,115
3739,110
3740,109
3741,102
3742,109
3743,104
3744,103
3745,101
3746,113
3747,110
3748,110
3749,109
3750,112
3751,108
3752,102
3753,108
3754,116
3755,116
3756,102
3757,112
3758,109
3759,101
3760,113
3761,101
3762,106
3763,108
3764,106
3765,101
3766,108
3767,116
3768,102
3769,102
3770,110
3771,103
3772,116
3773,101
3774,116
3775,101
3776,113
3777,113
3778,102
3779,107
3780,113
3781,101
3782,103
3783,103
3784,113
3785,106
3786,103
3787,110
3788,100
3789,103
3790,110
3791,104
3792,109
3793,101
3794,101
3795,116
3796,112
3797,100
3798,113
3799,109
3800,108
3801,102
3802,113
3803,109
3804,104
3805,102
3806,108
3807,107
3808,110
3809,107
3810,109
3811,102
3812,102
3813,109
3814,107
3815,106
3816,109
3817,102
3818,112
3819,109
3820,102
3821,108
3822,109
3823,109
3824,110
3825,104
3826,109
3827,108
3828,103
3829,102
3830,103
3831,109
3832,110
3833,109
3834,108
3835,107
3836,113
3837,113
3838,112
3839,101
3840,100
3841,109
3842,115
3843,103
3844,102
3845,109
3846,110
3847,103
3848,106
3849,102
3850,110
3851,110
3852,112
3853,116
3854,107
3855,109
3856,104
3857,112
3858,113
3859,116
3860,101
3861,103
3862,103
3863,113
3864,104
3865,103
3866,116
3867,108
3868,108
3869,113
3870,113
3871,115
3872,104
3873,101
3874,106
3875,110
3876,101
3877,101
3878,109
3879,109
3880,103
3881,115
3882,102
3883,107
3884,109
3885,110
3886,102
3887,101
3888,103
3889,102
3890,112
3891,110
3892,110
3893,115
3894,104
3895,101
3896,104
3897,110
3898,103
3899,100
3900,104
3901,101
3902,101
3903,109
3904,106
3905,101
3906,101
3907,116
3908,112
3909,108
3910,110
3911,113
3912,116
3913,110
3914,104
3915,113
3916,110
3917,108
3918,101
3919,101
3920,110
3921,106
3922,116
3923,106
3924,113
3925,116
3926,107
3927,101
3928,103
3929,101
3930,115
3931,107
3932,112
3933,108
3934,110
3935,110
3936,108
3937,107
3938,110
3939,109
3940,116
3941,101
3942,104
3943,113
3944,116
3945,113
3946,101
3947,103
3948,113
3949,112
3950,108
3951,103
3952,110
3953,101
3954,101
3955,100
3956,104
3957,109
3958,103
3959,108
3960,102
3961,110
3962,104
3963,116
3964,116
3965,101
3966,110
3967,100
3968,101
3969,116
3970,115
3971,113
3972,102
3973,107
3974,104
3975,102
3976,107
3977,102
3978,109
3979,116
3980,110
3981,115
3982,106
3983,108
3984,103
3985,116
3986,101
3987,104
3988,101
3989,108
3990,113
3991,109
3992,100
3993,104
3994,113
3995,110
3996,103
3997,108
3998,109
3999,104
4000,108
4001,107
4002,102
4003,106
4004,106
4005,112
4006,101
4007,109
4008,114
4009,116
4010,107
4011,110
4012,101
4013,113
4014,110
4015,116
4016,108
4017,113
4018,101
4019,103
4020,103
4021,102
4022,113
4023,102
4024,116
4025,102
4026,107
4027,110
4028,113
4029,112
4030,113
4031,103
4032,107
4033,107
4034,101
4035,102
4036,107
4037,101
4038,101
4039,103
4040,100
4041,109
4042,104
4043,103
4044,100
4045,110
4046,108
4047,108
4048,115
4049,106
4050,110
4051,113
4052,115
4053,113
4054,109
4055,104
4056,104
4057,110
4058,108
4059,108
4060,104
4061,108
4062,113
4063,109
4064,104
4065,107
4066,113
4067,101
4068,101
4069,112
4070,113
4071,112
4072,102
4073,110
4074,103
4075,115
4076,104
4077,102
4078,113
4079,110
4080,109
4081,103
4082,101
4083,115
4084,110
4085,108
4086,113
4087,108
4088,101
4089,110
4090,102
4091,106
4092,104
4093,112
4094,108
4095,113
4096,102
4097,107
4098,109
4099,107
4100,102
4101,102
4102,116
4103,108
4104,110
4105,108
4106,113
4107,109
4108,104
4109,112
4110,104
4111,103
4112,115
4113,103
4114,101
4115,103
4116,115
4117,106
4118,101
4119,106
4120,108
4121,108
4122,112
4123,107
4124,113
4125,114
4126,101
4127,107
4128,103
4129,113
4130,102
4131,102
4132,110
4133,110
4134,100
4135,101
4136,110
4137,102
4138,107
4139,107
4140,110
4141,101
4142,110
4143,102
4144,113
4145,104
4146,109
4147,106
4148,101
4149,113
4150,108
4151,104
4152,106
4153,102
4154,102
4155,109
4156,101
4157,101
4158,115
4159,115
4160,107
4161,104
4162,107
4163,113
4164,104
4165,113
4166,112
4167,104
4168,108
4169,101
4170,106
4171,115
4172,113
4173,107
4174,110
4175,116
4176,110
4177,113
4178,116
4179,110
4180,112
4181,103
4182,112
4183,101
4184,103
4185,101
4186,107
4187,109
4188,102
4189,113
4190,101
4191,108
4192,109
4193,107
4194,104
4195,102
4196,110
4197,103
4198,102
4199,108
4200,104
4201,106
4202,110
4203,107
4204,116
4205,108
4206,113
4207,106
4208,106
4209,116
4210,109
4211,109
4212,102
4213,104
4214,113
4215,116
4216,100
4217,101
4218,109
4219,109
4220,102
4221,104
4222,109
4223,103
4224,104
4225,113
4226,103
4227,116
4228,113
4229,109
4230,109
4231,112
4232,109
4233,108
4234,101
4235,109
4236,113
4237,107
4238,102
4239,109
4240,109
4241,116
4242,109
4243,109
4244,110
4245,113
4246,109
4247,109
4248,104
4249,101
4250,101
4251,112
4252,110
4253,112
4254,113
4255,110
4256,101
4257,103
4258,113
4259,108
4260,109
4261,101
4262,112
4263,108
4264,103
4265,110
4266,101
4267,102
4268,116
4269,110
4270,107
4271,101
4272,106
4273,109
4274,107
4275,107
4276,112
4277,115
4278,108
4279,115
4280,103
4281,107
4282,102
4283,102
4284,106
4285,107
4286,101
4287,101
4288,104
4289,112
4290,107
4291,113
4292,112
4293,109
4294,116
4295,102
4296,104
4297,102
4298,113
4299,102
4300,102
4301,108
4302,116
4303,109
4304,110
4305,109
4306,112
4307,107
4308,107
4309,116
4310,109
4311,106
4312,101
4313,103
4314,107
4315,102
4316,113
4317,107
4318,116
4319,102
4320,108
4321,107
4322,109
4323,104
4324,103
4325,108
4326,106
4327,116
4328,101
4329,102
4330,107
4331,113
4332,115
4333,112
4334,115
4335,107
4336,100
4337,116
4338,104
4339,112
4340,110
4341,103
4342,110
4343,115
4344,102
4345,106
4346,103
4347,112
4348,115
4349,102
4350,108
4351,107
4352,109
4353,116
4354,109
4355,109
4356,107
4357,116
4358,115
4359,102
4360,101
4361,116
4362,103
4363,110
4364,106
4365,116
4366,101
4367,100
4368,109
4369,100
4370,106
4371,109
4372,109
4373,109
4374,108
4375,109
4376,116
4377,104
4378,109
4379,113
4380,109
4381,108
4382,106
4383,109
4384,109
4385,103
4386,102
4387,104
4388,115
4389,115
4390,102
4391,102
4392,102
4393,108
4394,113
4395,112
4396,101
4397,110
4398,110
4399,102
4400,112
4401,109
4402,112
4403,101
4404,104
4405,116
4406,109
4407,109
4408,103
4409,110
4410,104
4411,109
4412,102
4413,102
4414,100
4415,102
4416,102
4417,113
4418,113
4419,113
4420,108
4421,102
4422,103
4423,101
4424,113
4425,112
4426,116
4427,113
4428,108
4429,112
4430,102
4431,113
4432,110
4433,102
4434,113
4435,116
4436,109
4437,109
4438,101
4439,109
4440,101
4441,115
4442,110
4443,115
4444,102
4445,107
4446,109
4447,106
4448,108
4449,104
4450,100
4451,112
4452,103
4453,102
4454,113
4455,110
4456,104
4457,104
4458,103
4459,102
4460,110
4461,104
4462,109
4463,100
4464,106
4465,106
4466,112
4467,109
4468,112
4469,102
4470,113
4471,113
4472,110
4473,116
4474,100
4475,113
4476,109
4477,112
4478,110
4479,108
4480,112
4481,104
4482,103
4483,110
4484,112
4485,113
4486,101
4487,109
4488,107
4489,101
4490,102
4491,109
4492,102
4493,104
4494,113
4495,101
4496,101
4497,102
4498,104
4499,110
4500,108
4501,110
4502,103
4503,113
4504,103
4505,109
4506,110
4507,103
4508,113
4509,112
4510,106
4511,102
4512,109
4513,108
4514,110
4515,116
4516,102
4517,116
4518,109
4519,113
4520,113
4521,108
4522,101
4523,107
4524,109
4525,102
4526,109
4527,110
4528,101
4529,103
4530,110
4531,110
4532,110
4533,110
4534,113
4535,101
4536,102
4537,107
4538,115
4539,102
4540,108
4541,108
4542,101
4543,109
4544,107
4545,110
4546,102
4547,110
4548,102
4549,102
4550,101
4551,112
4552,112
4553,115
4554,113
4555,109
4556,115
4557,104
4558,116
4559,102
4560,104
4561,110
4562,113
4563,106
4564,108
4565,102
4566,106
4567,107
4568,102
4569,101
4570,102
4571,109
4572,110
4573,113
4574,106
4575,112
4576,110
4577,110
4578,108
4579,101
4580,102
4581,108
4582,116
4583,107
4584,110
4585,109
4586,110
4587,102
4588,103
4589,115
4590,108
4591,103
4592,109
4593,104
4594,100
4595,109
4596,102
4597,109
4598,116
4599,113
4600,108
4601,107
4602,115
4603,113
4604,106
4605,101
4606,107
4607,102
4608,101
4609,113
4610,109
4611,106
4612,113
4613,107
4614,116
4615,102
4616,107
4617,101
4618,107
4619,102
4620,109
4621,116
4622,112
4623,108
4624,100
4625,106
4626,102
4627,113
4628,108
4629,108
4630,115
4631,101
4632,101
4633,103
4634,112
4635,104
4636,116
4637,103
4638,109
4639,110
4640,103
4641,110
4642,106
4643,103
4644,116
4645,101
4646,101
4647,102
4648,116
4649,108
4650,108
4651,106
4652,109
4653,109
4654,115
4655,102
4656,104
4657,102
4658,101
4659,116
4660,113
4661,114
4662,104
4663,108
4664,113
4665,103
4666,116
4667,102
4668,101
4669,103
4670,107
4671,104
4672,113
4673,110
4674,113
4675,108
4676,116
4677,106
4678,102
4679,108
4680,109
4681,103
4682,106
4683,106
4684,109
4685,108
4686,110
4687,115
4688,116
4689,107
4690,102
4691,113
4692,101
4693,100
4694,113
4695,109
4696,115
4697,113
4698,106
4699,113
4700,115
4701,102
4702,113
4703,104
4704,115
4705,110
4706,113
4707,110
4708,103
4709,100
4710,109
4711,107
4712,107
4713,112
4714,101
4715,112
4716,102
4717,101
4718,103
4719,101
4720,103
4721,107
4722,112
4723,112
4724,116
4725,106
4726,102
4727,115
4728,101
4729,116
4730,110
4731,116
4732,108
4733,107
4734,108
4735,115
4736,113
4737,101
4738,103
4739,115
4740,104
4741,109
4742,116
4743,113
4744,104
4745,104
4746,116
4747,104
4748,102
4749,106
4750,101
4751,103
4752,108
4753,107
4754,104
4755,102
4756,108
4757,109
4758,109
4759,102
4760,107
4761,115
4762,113
4763,110
4764,106
4765,104
4766,103
4767,110
4768,104
4769,116
4770,101
4771,109
4772,101
4773,102
4774,102
4775,102
4776,108
4777,109
4778,116
4779,100
4780,104
4781,115
4782,106
4783,108
4784,110
4785,108
4786,113
4787,103
4788,102
4789,101
4790,108
4791,109
4792,102
4793,100
4794,107
4795,108
4796,106
4797,109
4798,101
4799,109
4800,101
4801,116
4802,110
4803,112
4804,106
4805,101
4806,102
4807,116
4808,102
4809,112
4810,102
4811,115
4812,109
4813,109
4814,100
4815,116
4816,107
4817,101
4818,116
4819,106
4820,109
4821,113
4822,108
4823,102
4824,109
4825,100
4826,116
4827,113
4828,101
4829,100
4830,100
4831,116
4832,116
4833,110
4834,100
4835,102
4836,103
4837,113
4838,102
4839,110
4840,101
4841,106
4842,104
4843,110
4844,107
4845,116
4846,112
4847,109
4848,109
4849,115
4850,107
4851,102
4852,110
4853,107
4854,110
4855,109
4856,102
4857,113
4858,110
4859,115
4860,115
4861,115
4862,112
4863,114
4864,115
4865,107
4866,101
4867,106
4868,101
4869,113
4870,101
4871,110
4872,103
4873,102
4874,110
4875,108
4876,113
4877,110
4878,113
4879,103
4880,108
4881,116
4882,116
4883,110
4884,101
4885,101
4886,106
4887,116
4888,110
4889,107
4890,113
4891,102
4892,110
4893,101
4894,106
4895,110
4896,102
4897,109
4898,104
4899,106
4900,112
4901,108
4902,104
4903,101
4904,103
4905,108
4906,103
4907,112
4908,102
4909,106
4910,116
4911,107
4912,109
4913,101
4914,115
4915,109
4916,108
4917,110
4918,115
4919,112
4920,101
4921,115
4922,115
4923,116
4924,112
4925,102
4926,108
4927,106
4928,104
4929,107
4930,109
4931,108
4932,116
4933,102
4934,109
4935,106
4936,101
4937,106
4938,102
4939,106
4940,107
4941,101
4942,102
4943,109
4944,113
4945,102
4946,102
4947,103
4948,110
4949,114
4950,107
4951,109
4952,112
4953,106
4954,112
4955,104
4956,110
4957,116
4958,112
4959,108
4960,103
4961,116
4962,109
4963,113
4964,116
4965,115
4966,104
4967,115
4968,109
4969,108
4970,113
4971,101
4972,109
4973,116
4974,113
4975,109
4976,109
4977,109
4978,101
4979,104
4980,101
4981,113
4982,102
4983,110
4984,107
4985,101
4986,108
4987,109
4988,102
4989,107
4990,108
4991,115
4992,110
4993,106
4994,113
4995,101
4996,101
4997,102
4998,100
4999,109
5000,103
5001,103
5002,110
5003,109
5004,108
5005,102
5006,113
5007,110
5008,107
5009,112
5010,112
5011,116
5012,116
5013,109
5014,102
5015,104
5016,104
5017,107
5018,101
5019,110
5020,109
5021,104
5022,100
5023,107
5024,112
5025,101
5026,101
5027,103
5028,103
5029,110
5030,100
5031,110
5032,112
5033,112
5034,106
5035,110
5036,103
5037,109
5038,101
5039,101
5040,115
5041,103
5042,102
5043,112
5044,102
5045,109
5046,101
5047,103
5048,104
5049,108
5050,113
5051,112
5052,113
5053,110
5054,103
5055,100
5056,106
5057,106
5058,101
5059,113
5060,101
5061,109
5062,107
5063,109
5064,106
5065,106
5066,102
5067,109
5068,102
5069,113
5070,113
5071,108
5072,112
5073,109
5074,108
5075,104
5076,115
5077,108
5078,101
5079,103
5080,102
5081,102
5082,104
5083,109
5084,110
5085,115
5086,108
5087,104
5088,114
5089,102
5090,110
5091,115
5092,109
5093,106
5094,109
5095,100
5096,113
5097,109
5098,113
5099,103
5100,110
5101,116
5102,107
5103,107
5104,101
5105,102
5106,107
5107,107
5108,107
5109,113
5110,103
5111,113
5112,101
5113,113
5114,103
5115,113
5116,102
5117,101
5118,112
5119,108
5120,107
5121,110
5122,108
5123,107
5124,112
5125,116
5126,109
5127,107
5128,107
5129,110
5130,112
5131,102
5132,102
5133,107
5134,113
5135,112
5136,106
5137,115
5138,108
5139,102
5140,109
5141,102
5142,116
5143,101
5144,109
5145,110
5146,115
5147,107
5148,106
5149,103
5150,101
5151,104
5152,107
5153,107
5154,101
5155,103
5156,104
5157,100
5158,106
5159,113
5160,108
5161,101
5162,102
5163,115
5164,107
5165,107
5166,110
5167,104
5168,112
5169,104
5170,101
5171,107
5172,104
5173,109
5174,104
5175,110
5176,101
5177,107
5178,102
5179,101
5180,116
5181,116
5182,109
5183,110
5184,103
5185,115
5186,110
5187,109
5188,100
5189,107
5190,108
5191,116
5192,104
5193,103
5194,100
5195,110
5196,100
5197,112
5198,101
5199,109
5200,102
5201,107
5202,101
5203,109
5204,116
5205,106
5206,109
5207,104
5208,103
5209,104
5210,116
5211,109
5212,102
5213,112
5214,102
5215,113
5216,109
5217,110
5218,107
5219,116
5220,103
5221,110
5222,101
5223,110
5224,103
5225,106
5226,102
5227,103
5228,110
5229,116
5230,108
5231,116
5232,100
5233,102
5234,112
5235,107
5236,101
5237,100
5238,101
5239,112
5240,116
5241,109
5242,108
5243,110
5244,110
5245,113
5246,112
5247,103
5248,113
5249,110
5250,106
5251,109
5252,113
5253,106
5254,109
5255,115
5256,115
5257,113
5258,116
5259,102
5260,100
5261,109
5262,110
5263,101
5264,107
5265,116
5266,101
5267,108
5268,113
5269,106
5270,110
5271,108
5272,108
5273,115
5274,103
5275,106
5276,103
5277,103
5278,104
5279,110
5280,101
5281,107
5282,113
5283,102
5284,104
5285,112
5286,102
5287,101
5288,115
5289,106
5290,107
5291,102
5292,110
5293,106
5294,113
5295,107
5296,112
5297,100
5298,107
5299,103
5300,108
5301,113
5302,100
5303,106
5304,109
5305,107
5306,103
5307,104
5308,103
5309,104
5310,115
5311,102
5312,107
5313,113
5314,110
5315,108
5316,112
5317,110
5318,109
5319,115
5320,116
5321,101
5322,112
5323,102
5324,102
5325,112
5326,109
5327,102
5328,100
5329,100
5330,109
5331,110
5332,108
5333,102
5334,109
5335,109
5336,100
5337,100
5338,100
5339,112
5340,106
5341,104
5342,108
5343,116
5344,110
5345,115
5346,107
5347,103
5348,100
5349,104
5350,110
5351,102
5352,106
5353,106
5354,109
5355,109
5356,102
5357,109
5358,109
5359,113
5360,102
5361,108
5362,113
5363,107
5364,113
5365,103
5366,108
5367,104
5368,100
5369,101
5370,110
5371,102
5372,110
5373,103
5374,103
5375,107
5376,108
5377,110
5378,110
5379,102
5380,107
5381,101
5382,102
5383,104
5384,110
5385,109
5386,116
5387,109
5388,102
5389,110
5390,108
5391,112
5392,109
5393,108
5394,109
5395,102
5396,109
5397,104
5398,104
5399,110
5400,101
5401,116
5402,115
5403,101
5404,115
5405,116
5406,104
5407,110
5408,101
5409,108
5410,110
5411,107
5412,108
5413,104
5414,107
5415,103
5416,109
5417,109
5418,100
5419,107
5420,113
5421,102
5422,100
5423,102
5424,109
5425,108
5426,106
5427,102
5428,110
5429,112
5430,101
5431,101
5432,103
5433,109
5434,107
5435,116
5436,109
5437,106
5438,104
5439,109
5440,103
5441,113
5442,104
5443,109
5444,115
5445,113
5446,109
5447,102
5448,109
5449,107
5450,102
5451,101
5452,104
5453,109
5454,112
5455,115
5456,109
5457,107
5458,109
5459,113
5460,103
5461,113
5462,100
5463,108
5464,112
5465,107
5466,103
5467,101
5468,116
5469,100
5470,110
5471,109
5472,110
5473,115
5474,104
5475,103
5476,101
5477,102
5478,101
5479,108
5480,104
5481,109
5482,104
5483,116
5484,106
5485,107
5486,109
5487,107
5488,106
5489,104
5490,112
5491,108
5492,102
5493,106
5494,101
5495,106
5496,103
5497,106
5498,116
5499,104
5500,112
5501,106
5502,109
5503,104
5504,110
5505,101
5506,109
5507,103
5508,106
5509,113
5510,112
5511,115
5512,102
5513,116
5514,109
5515,109
5516,102
5517,109
5518,107
5519,109
5520,101
5521,110
5522,109
5523,100
5524,109
5525,115
5526,107
5527,113
5528,102
5529,109
5530,101
5531,101
5532,108
5533,108
5534,104
5535,104
5536,107
5537,109
5538,115
5539,102
5540,109
5541,110
5542,103
5543,101
5544,103
5545,106
5546,109
5547,101
5548,103
5549,108
5550,108
5551,109
5552,109
5553,103
5554,115
5555,108
5556,110
5557,116
5558,109
5559,116
5560,107
5561,107
5562,112
5563,108
5564,100
5565,101
5566,116
5567,103
5568,107
5569,116
5570,110
5571,113
5572,114
5573,113
5574,108
5575,103
5576,115
5577,104
5578,106
5579,112
5580,101
5581,101
5582,109
5583,106
5584,113
5585,116
5586,110
5587,102
5588,101
5589,110
5590,102
5591,107
5592,102
5593,107
5594,104
5595,106
5596,101
5597,107
5598,109
5599,102
5600,110
5601,109
5602,109
5603,103
5604,107
5605,110
5606,108
5607,112
5608,109
5609,116
5610,108
5611,115
5612,104
5613,109
5614,104
5615,107
5616,101
5617,103
5618,102
5619,115
5620,109
5621,110
5622,107
5623,103
5624,100
5625,109
5626,109
5627,110
5628,109
5629,107
5630,107
5631,107
5632,109
5633,115
5634,115
5635,103
5636,102
5637,109
5638,108
5639,104
5640,112
5641,113
5642,112
5643,113
5644,101
5645,104
5646,112
5647,103
5648,110
5649,109
5650,107
5651,110
5652,104
5653,102
5654,113
5655,104
5656,109
5657,113
5658,104
5659,116
5660,109
5661,104
5662,109
5663,102
5664,100
5665,112
5666,102
5667,104
5668,116
5669,100
5670,106
5671,113
5672,102
5673,102
5674,101
5675,113
5676,103
5677,109
5678,104
5679,104
5680,108
5681,116
5682,108
5683,103
5684,103
5685,101
5686,109
5687,103
5688,101
5689,109
5690,109
5691,101
5692,107
5693,103
5694,112
5695,104
5696,104
5697,109
5698,106
5699,115
5700,103
5701,112
5702,107
5703,110
5704,102
5705,103
5706,109
5707,112
5708,113
5709,110
5710,100
5711,103
5712,109
5713,112
5714,101
5715,102
5716,101
5717,102
5718,110
5719,114
5720,109
5721,113
5722,106
5723,112
5724,109
5725,109
5726,112
5727,101
5728,110
5729,110
5730,110
5731,103
5732,116
5733,107
5734,116
5735,101
5736,107
5737,100
5738,106
5739,112
5740,110
5741,108
5742,109
5743,115
5744,113
5745,102
5746,102
5747,101
5748,107
5749,109
5750,100
5751,101
5752,110
5753,116
5754,109
5755,102
5756,101
5757,106
5758,116
5759,103
5760,110
5761,103
5762,109
5763,102
5764,113
5765,109
5766,110
5767,109
5768,104
5769,102
5770,106
5771,102
5772,109
5773,106
5774,104
5775,110
5776,100
5777,109
5778,108
5779,101
5780,106
5781,106
5782,115
5783,109
5784,115
5785,107
5786,100
5787,110
5788,113
5789,109
5790,113
5791,116
5792,110
5793,109
5794,110
5795,108
5796,109
5797,102
5798,112
5799,101
5800,104
5801,110
5802,102
5803,107
5804,100
5805,102
5806,102
5807,108
5808,104
5809,108
5810,106
5811,109
5812,115
5813,102
5814,109
5815,107
5816,113
5817,116
5818,109
5819,104
5820,112
5821,101
5822,115
5823,100
5824,103
5825,103
5826,115
5827,107
5828,104
5829,109
5830,109
5831,102
5832,110
5833,109
5834,104
5835,102
5836,109
5837,109
5838,107
5839,101
5840,107
5841,101
5842,115
5843,104
5844,101
5845,109
5846,102
5847,116
5848,108
5849,109
5850,104
5851,106
5852,113
5853,106
5854,108
5855,101
5856,109
5857,107
5858,116
5859,109
5860,107
5861,110
5862,101
5863,109
5864,109
5865,110
5866,107
5867,101
5868,109
5869,102
5870,102
5871,104
5872,116
5873,113
5874,100
5875,101
5876,116
5877,106
5878,103
5879,104
5880,107
5881,112
5882,102
5883,113
5884,104
5885,109
5886,109
5887,115
5888,103
5889,116
5890,110
5891,113
5892,108
5893,115
5894,108
5895,108
5896,107
5897,112
5898,106
5899,112
5900,108
5901,109
5902,114
5903,112
5904,102
5905,109
5906,104
5907,102
5908,103
5909,106
5910,100
5911,102
5912,112
5913,109
5914,110
5915,101
5916,102
5917,106
5918,104
5919,101
5920,104
5921,108
5922,110
5923,100
5924,100
5925,108
5926,110
5927,108
5928,104
5929,116
5930,109
5931,101
5932,110
5933,113
5934,116
5935,113
5936,108
5937,116
5938,101
5939,113
5940,108
5941,101
5942,109
5943,102
5944,107
5945,103
5946,109
5947,106
5948,110
5949,101
5950,113
5951,101
5952,109
5953,110
5954,109
5955,104
5956,104
5957,109
5958,104
5959,100
5960,103
5961,109
5962,109
5963,101
5964,110
5965,109
5966,103
5967,110
5968,110
5969,102
5970,107
5971,109
5972,101
5973,113
5974,100
5975,110
5976,108
5977,110
5978,110
5979,108
5980,101
5981,101
5982,109
5983,107
5984,110
5985,108
5986,107
5987,109
5988,102
5989,107
5990,110
5991,107
5992,104
5993,107
5994,110
5995,101
5996,109
5997,102
5998,115
5999,109
6000,104
6001,109
6002,116
6003,107
6004,104
6005,109
6006,102
6007,108
6008,100
6009,113
6010,109
6011,112
6012,107
6013,100
6014,102
6015,109
6016,103
6017,106
6018,102
6019,110
6020,108
6021,107
6022,115
6023,102
6024,116
6025,102
6026,110
6027,116
6028,106
6029,107
6030,101
6031,102
6032,116
6033,104
6034,113
6035,104
6036,116
6037,110
6038,107
6039,116
6040,109
6041,104
6042,102
6043,109
6044,109
6045,110
6046,108
6047,104
6048,107
6049,109
6050,108
6051,109
6052,106
6053,102
6054,109
6055,107
6056,110
6057,109
6058,104
6059,107
6060,109
6061,104
6062,109
6063,106
6064,113
6065,103
6066,100
6067,112
6068,104
6069,116
6070,108
6071,110
6072,102
6073,108
6074,115
6075,108
6076,104
6077,109
6078,108
6079,116
6080,108
6081,106
6082,101
6083,101
6084,115
6085,106
6086,102
6087,102
6088,102
6089,103
6090,112
6091,102
6092,113
6093,106
6094,115
6095,101
6096,109
6097,101
6098,109
6099,113
6100,104
6101,113
6102,112
6103,109
6104,108
6105,104
6106,113
6107,116
6108,113
6109,100
6110,101
6111,109
6112,108
6113,109
6114,103
6115,113
6116,104
6117,106
6118,104
6119,113
6120,102
6121,104
6122,106
6123,106
6124,116
6125,108
6126,108
6127,112
6128,109
6129,109
6130,103
6131,113
6132,108
6133,115
6134,108
6135,113
6136,102
6137,110
6138,110
6139,106
6140,110
6141,102
6142,103
6143,101
6144,108
6145,109
6146,112
6147,102
6148,102
6149,109
6150,103
6151,101
6152,107
6153,104
6154,104
6155,104
6156,107
6157,100
6158,113
6159,110
6160,109
6161,113
6162,115
6163,101
6164,109
6165,109
6166,101
6167,104
6168,116
6169,108
6170,110
6171,100
6172,107
6173,116
6174,103
6175,104
6176,116
6177,112
6178,101
6179,116
6180,103
6181,112
6182,101
6183,113
6184,100
6185,104
6186,104
6187,108
6188,104
6189,112
6190,102
6191,104
6192,110
6193,102
6194,107
6195,115
6196,102
6197,109
6198,103
6199,107
6200,108
6201,109
6202,108
6203,107
6204,116
6205,110
6206,115
6207,113
6208,113
6209,101
6210,107
6211,112
6212,102
6213,102
6214,109
6215,113
6216,116
6217,110
6218,104
6219,112
6220,101
6221,108
6222,115
6223,116
6224,101
6225,109
6226,113
6227,110
6228,102
6229,112
6230,102
6231,109
6232,103
6233,103
6234,113
6235,102
6236,112
6237,107
6238,102
6239,115
6240,112
6241,109
6242,109
6243,106
6244,109
6245,109
6246,104
6247,100
6248,115
6249,110
6250,106
6251,101
6252,112
6253,113
6254,115
6255,107
6256,102
6257,110
6258,113
6259,108
6260,102
6261,101
6262,113
6263,110
6264,104
6265,113
6266,102
6267,108
6268,115
6269,109
6270,100
6271,110
6272,104
6273,102
6274,115
6275,110
6276,102
6277,113
6278,112
6279,103
6280,109
6281,102
6282,109
6283,104
6284,110
6285,116
6286,100
6287,115
6288,115
6289,104
6290,101
6291,113
6292,108
6293,113
6294,110
6295,109
6296,113
6297,106
6298,101
6299,107
6300,104
6301,101
6302,107
6303,110
6304,101
6305,109
6306,116
6307,102
6308,102
6309,116
6310,106
6311,103
6312,116
6313,108
6314,109
6315,110
6316,107
6317,104
6318,107
6319,109
6320,108
6321,103
6322,101
6323,109
6324,110
6325,116
6326,107
6327,103
6328,102
6329,102
6330,102
6331,102
6332,102
6333,115
6334,103
6335,103
6336,104
6337,104
6338,109
6339,109
6340,110
6341,108
6342,102
6343,103
6344,106
6345,107
6346,110
6347,113
6348,103
6349,100
6350,101
6351,116
6352,102
6353,104
6354,104
6355,107
6356,104
6357,110
6358,103
6359,104
6360,109
6361,115
6362,113
6363,104
6364,104
6365,109
6366,116
6367,103
6368,103
6369,112
6370,101
6371,103
6372,113
6373,110
6374,106
6375,106
6376,109
6377,102
6378,110
6379,109
6380,107
6381,107
6382,115
6383,101
6384,116
6385,108
6386,106
6387,101
6388,116
6389,106
6390,104
6391,108
6392,107
6393,113
6394,104
6395,107
6396,103
6397,112
6398,102
6399,103
6400,109
6401,101
6402,106
6403,109
6404,107
6405,107
6406,106
6407,109
6408,112
6409,104
6410,109
6411,110
6412,110
6413,102
6414,106
6415,100
6416,109
6417,113
6418,103
6419,109
6420,102
6421,101
6422,103
6423,101
6424,108
6425,104
6426,103
6427,102
6428,110
6429,109
6430,102
6431,113
6432,113
6433,104
6434,109
6435,108
6436,115
6437,100
6438,113
6439,104
6440,100
6441,110
6442,113
6443,103
6444,101
6445,101
6446,112
6447,116
6448,107
6449,113
6450,101
6451,103
6452,104
6453,116
6454,101
6455,104
6456,101
6457,110
6458,107
6459,106
6460,106
6461,104
6462,101
6463,109
6464,106
6465,104
6466,110
6467,107
6468,103
6469,113
6470,108
6471,101
6472,110
6473,115
6474,102
6475,112
6476,113
6477,103
6478,104
6479,113
6480,109
6481,110
6482,101
6483,110
6484,102
6485,112
6486,113
6487,110
6488,109
6489,101
6490,109
6491,108
6492,101
6493,109
6494,115
6495,115
6496,115
6497,103
6498,115
6499,109
6500,104
6501,115
6502,109
6503,108
6504,115
6505,101
6506,107
6507,108
6508,103
6509,112
6510,106
6511,109
6512,109
6513,103
6514,104
6515,100
6516,107
6517,102
6518,112
6519,101
6520,109
6521,106
6522,103
6523,103
6524,101
6525,116
6526,109
6527,108
6528,104
6529,101
6530,110
6531,104
6532,116
6533,102
6534,104
6535,104
6536,108
6537,103
6538,109
6539,113
6540,104
6541,110
6542,106
6543,112
6544,113
6545,116
6546,109
6547,103
6548,109
6549,104
6550,101
6551,104
6552,109
6553,113
6554,113
6555,112
6556,115
6557,108
6558,104
6559,115
6560,100
6561,101
6562,113
6563,100
6564,100
6565,103
6566,106
6567,100
6568,113
6569,103
6570,113
6571,102
6572,103
6573,103
6574,108
6575,109
6576,102
6577,101
6578,110
6579,116
6580,110
6581,112
6582,109
6583,104
6584,106
6585,102
6586,113
6587,112
6588,102
6589,103
6590,106
6591,101
6592,115
6593,103
6594,107
6595,112
6596,103
6597,108
6598,109
6599,102
6600,109
6601,102
6602,115
6603,106
6604,109
6605,107
6606,115
6607,108
6608,113
6609,109
6610,116
6611,109
6612,102
6613,116
6614,101
6615,103
6616,101
6617,104
6618,103
6619,115
6620,110
6621,104
6622,104
6623,112
6624,102
6625,112
6626,104
6627,100
6628,104
6629,109
6630,115
6631,109
6632,113
6633,109
6634,116
6635,108
6636,108
6637,102
6638,102
6639,103
6640,109
6641,102
6642,101
6643,103
6644,102
6645,116
6646,113
6647,109
6648,116
6649,116
6650,101
6651,104
6652,101
6653,109
6654,104
6655,116
6656,104
6657,110
6658,107
6659,102
6660,113
6661,106
6662,107
6663,107
6664,110
6665,104
6666,109
6667,109
6668,100
6669,115
6670,107
6671,110
6672,107
6673,108
6674,101
6675,107
6676,115
6677,100
6678,108
6679,108
6680,108
6681,109
6682,114
6683,102
6684,101
6685,113
6686,109
6687,108
6688,115
6689,102
6690,115
6691,109
6692,102
6693,110
6694,102
6695,106
6696,106
6697,104
6698,115
6699,102
6700,109
6701,108
6702,104
6703,104
6704,110
6705,102
6706,101
6707,102
6708,102
6709,108
6710,108
6711,104
6712,101
6713,101
6714,102
6715,116
6716,107
6717,108
6718,102
6719,102
6720,110
6721,113
6722,113
6723,108
6724,107
6725,104
6726,107
6727,107
6728,108
6729,107
6730,103
6731,110
6732,113
6733,108
6734,103
6735,116
6736,103
6737,112
6738,102
6739,101
6740,107
6741,115
6742,109
6743,102
6744,115
6745,103
6746,109
6747,113
6748,102
6749,110
6750,100
6751,100
6752,100
6753,104
6754,112
6755,116
6756,102
6757,108
6758,115
6759,110
6760,113
6761,113
6762,101
6763,102
6764,101
6765,108
6766,102
6767,107
6768,104
6769,102
6770,100
6771,101
6772,110
6773,102
6774,108
6775,101
6776,116
6777,110
6778,107
6779,102
6780,103
6781,112
6782,109
6783,101
6784,108
6785,102
6786,103
6787,116
6788,102
6789,103
6790,115
6791,107
6792,103
6793,113
6794,116
6795,110
6796,101
6797,109
6798,102
6799,108
6800,109
6801,108
6802,102
6803,106
6804,107
6805,103
6806,113
6807,103
6808,115
6809,102
6810,107
6811,110
6812,103
6813,103
6814,109
6815,103
6816,109
6817,113
6818,110
6819,106
6820,107
6821,112
6822,104
6823,101
6824,116
6825,109
6826,109
6827,102
6828,102
6829,110
6830,104
6831,113
6832,101
6833,108
6834,107
6835,110
6836,113
6837,102
6838,109
6839,101
6840,102
6841,106
6842,101
6843,115
6844,113
6845,107
6846,112
6847,109
6848,112
6849,109
6850,115
6851,106
6852,110
6853,109
6854,112
6855,102
6856,100
6857,102
6858,102
6859,101
6860,113
6861,110
6862,103
6863,115
6864,108
6865,112
6866,109
6867,116
6868,109
6869,106
6870,113
6871,109
6872,101
6873,108
6874,101
6875,109
6876,110
6877,113
6878,116
6879,116
6880,109
6881,110
6882,108
6883,108
6884,106
6885,103
6886,101
6887,104
6888,113
6889,113
6890,109
6891,103
6892,108
6893,110
6894,108
6895,113
6896,101
6897,109
6898,112
6899,115
6900,110
6901,109
6902,102
6903,101
6904,110
6905,113
6906,112
6907,104
6908,101
6909,109
6910,113
6911,103
6912,115
6913,104
6914,104
6915,102
6916,108
6917,106
6918,104
6919,109
6920,102
6921,102
6922,107
6923,109
6924,110
6925,106
6926,108
6927,107
6928,115
6929,108
6930,108
6931,108
6932,109
6933,113
6934,107
6935,109
6936,109
6937,102
6938,102
6939,101
6940,101
6941,102
6942,101
6943,104
6944,107
6945,104
6946,112
6947,109
6948,109
6949,102
6950,108
6951,110
6952,101
6953,107
6954,101
6955,102
6956,100
6957,113
6958,102
6959,102
6960,101
6961,109
6962,113
6963,107
6964,112
6965,108
6966,102
6967,101
6968,100
6969,110
6970,101
6971,100
6972,102
6973,102
6974,106
6975,103
6976,109
6977,102
6978,102
6979,103
6980,109
6981,109
6982,107
6983,102
6984,109
6985,102
6986,108
6987,109
6988,104
6989,109
6990,113
6991,115
6992,103
6993,112
6994,102
6995,101
6996,106
6997,116
6998,107
6999,107
7000,113
7001,110
7002,116
7003,100
7004,108
7005,110
7006,101
7007,103
7008,101
7009,109
7010,102
7011,112
7012,104
7013,110
7014,109
7015,115
7016,113
7017,104
7018,102
7019,112
7020,113
7021,116
7022,107
7023,115
7024,103
7025,103
7026,109
7027,108
7028,113
7029,103
7030,102
7031,107
7032,110
7033,101
7034,113
7035,101
7036,109
7037,110
7038,109
7039,113
7040,104
7041,108
7042,116
7043,102
7044,116
7045,109
7046,110
7047,115
7048,116
7049,102
7050,101
7051,108
7052,109
7053,102
7054,101
7055,109
7056,101
7057,110
7058,113
7059,104
7060,102
7061,100
7062,104
7063,101
7064,113
7065,101
7066,102
7067,115
7068,108
7069,102
7070,100
7071,104
7072,116
7073,108
7074,101
7075,108
7076,113
7077,102
7078,112
7079,102
7080,113
7081,112
7082,115
7083,108
7084,102
7085,108
7086,107
7087,110
7088,101
7089,108
7090,106
7091,102
7092,102
7093,102
7094,102
7095,101
7096,107
7097,113
7098,102
7099,101
7100,110
7101,101
7102,112
7103,103
7104,109
7105,103
7106,115
7107,115
7108,110
7109,113
7110,109
7111,102
7112,109
7113,113
7114,112
7115,115
7116,106
7117,113
7118,101
7119,107
7120,110
7121,103
7122,102
7123,116
7124,113
7125,102
7126,101
7127,110
7128,103
7129,109
7130,104
7131,116
7132,108
7133,106
7134,102
7135,116
7136,107
7137,116
7138,109
7139,112
7140,110
7141,103
7142,109
7143,101
7144,115
7145,110
7146,102
7147,110
7148,101
7149,113
7150,101
7151,113
7152,103
7153,115
7154,112
7155,110
7156,101
7157,108
7158,101
7159,109
7160,103
7161,108
7162,110
7163,109
7164,107
7165,100
7166,108
7167,101
7168,108
7169,106
7170,102
7171,112
7172,101
7173,109
7174,115
7175,101
7176,101
7177,102
7178,106
7179,102
7180,102
7181,101
7182,109
7183,102
7184,107
7185,112
7186,108
7187,110
7188,109
7189,108
7190,109
7191,106
7192,101
7193,110
7194,101
7195,113
7196,109
7197,110
7198,101
7199,102
7200,108
7201,103
7202,106
7203,101
7204,104
7205,108
7206,115
7207,103
7208,103
7209,116
7210,110
7211,110
7212,107
7213,110
7214,110
7215,102
7216,108
7217,101
7218,102
7219,107
7220,109
7221,102
7222,104
7223,101
7224,106
7225,108
7226,112
7227,101
7228,103
7229,109
7230,106
7231,110
7232,101
7233,101
7234,113
7235,109
7236,104
7237,113
7238,109
7239,108
7240,101
7241,116
7242,109
7243,102
7244,101
7245,109
7246,101
7247,101
7248,107
7249,103
7250,106
7251,102
7252,102
7253,112
7254,113
7255,110
7256,116
7257,108
7258,109
7259,103
7260,102
7261,115
7262,113
7263,108
7264,116
7265,108
7266,101
7267,107
7268,100
7269,108
7270,109
7271,102
7272,101
7273,110
7274,109
7275,109
7276,113
7277,108
7278,101
7279,106
7280,113
7281,103
7282,102
7283,106
7284,103
7285,110
7286,116
7287,110
7288,112
7289,102
7290,108
7291,112
7292,106
7293,100
7294,101
7295,109
7296,112
7297,106
7298,115
7299,101
7300,106
7301,106
7302,102
7303,109
7304,109
7305,101
7306,113
7307,107
7308,101
7309,113
7310,110
7311,107
7312,106
7313,101
7314,107
7315,113
7316,101
7317,106
7318,104
7319,110
7320,106
7321,102
7322,108
7323,115
7324,102
7325,102
7326,109
7327,104
7328,102
7329,102
7330,112
7331,110
7332,115
7333,116
7334,109
7335,110
7336,103
7337,108
7338,108
7339,104
7340,102
7341,116
7342,115
7343,113
7344,112
7345,110
7346,109
7347,101
7348,113
7349,109
7350,112
7351,106
7352,116
7353,102
7354,115
7355,101
7356,115
7357,108
7358,109
7359,107
7360,101
7361,115
7362,101
7363,101
7364,102
7365,104
7366,115
7367,102
7368,113
7369,113
7370,107
7371,102
7372,104
7373,110
7374,102
7375,109
7376,102
7377,106
7378,102
7379,101
7380,113
7381,116
7382,100
7383,103
7384,113
7385,108
7386,115
7387,101
7388,116
7389,113
7390,110
7391,109
7392,106
7393,107
7394,106
7395,108
7396,101
7397,113
7398,109
7399,103
7400,103
7401,107
7402,103
7403,115
7404,108
7405,104
7406,104
7407,107
7408,101
7409,108
7410,104
7411,104
7412,112
7413,104
7414,112
7415,107
7416,104
7417,102
7418,110
7419,113
7420,110
7421,116
7422,102
7423,102
7424,109
7425,100
7426,108
7427,102
7428,107
7429,113
7430,108
7431,110
7432,110
7433,103
7434,113
7435,110
7436,116
7437,109
7438,103
7439,104
7440,102
7441,110
7442,101
7443,101
7444,103
7445,109
7446,102
7447,103
7448,115
7449,116
7450,101
7451,108
7452,112
7453,110
7454,103
7455,108
7456,104
7457,101
7458,108
7459,106
7460,113
7461,109
7462,107
7463,116
7464,102
7465,106
7466,109
7467,104
7468,101
7469,116
7470,104
7471,103
7472,101
7473,106
7474,103
7475,107
7476,113
7477,106
7478,104
7479,113
7480,101
7481,112
7482,102
7483,109
7484,102
7485,109
7486,109
7487,109
7488,107
7489,101
7490,103
7491,102
7492,103
7493,104
7494,112
7495,107
7496,107
7497,108
7498,101
7499,116
7500,108
7501,100
7502,110
7503,103
7504,113
7505,101
7506,110
7507,115
7508,108
7509,104
7510,109
7511,110
7512,107
7513,103
7514,107
7515,101
7516,108
7517,103
7518,110
7519,116
7520,103
7521,101
7522,102
7523,102
7524,112
7525,104
7526,116
7527,108
7528,102
7529,102
7530,101
7531,109
7532,110
7533,106
7534,102
7535,109
7536,116
7537,109
7538,113
7539,109
7540,107
7541,104
7542,101
7543,104
7544,110
7545,102
7546,108
7547,104
7548,109
7549,116
7550,107
7551,107
7552,106
7553,115
7554,110
7555,102
7556,109
7557,106
7558,108
7559,104
7560,115
7561,103
7562,107
7563,115
7564,107
7565,110
7566,102
7567,108
7568,115
7569,102
7570,101
7571,106
7572,100
7573,107
7574,109
7575,116
7576,100
7577,101
7578,101
7579,104
7580,106
7581,112
7582,102
7583,102
7584,110
7585,109
7586,115
7587,116
7588,101
7589,110
7590,116
7591,104
7592,102
7593,112
7594,103
7595,110
7596,104
7597,100
7598,107
7599,113
7600,108
7601,102
7602,103
7603,101
7604,104
7605,109
7606,107
7607,113
7608,112
7609,101
7610,102
7611,107
7612,104
7613,113
7614,101
7615,109
7616,101
7617,109
7618,102
7619,107
7620,116
7621,103
7622,109
7623,109
7624,107
7625,110
7626,107
7627,103
7628,109
7629,109
7630,109
7631,109
7632,110
7633,109
7634,102
7635,104
7636,109
7637,115
7638,100
7639,109
7640,104
7641,109
7642,115
7643,103
7644,110
7645,103
7646,113
7647,103
7648,107
7649,104
7650,101
7651,116
7652,106
7653,109
7654,103
7655,103
7656,115
7657,103
7658,109
7659,106
7660,107
7661,106
7662,101
7663,113
7664,108
7665,104
7666,113
7667,109
7668,101
7669,101
7670,109
7671,116
7672,102
7673,113
7674,109
7675,110
7676,112
7677,109
7678,102
7679,102
7680,102
7681,109
7682,109
7683,101
7684,109
7685,113
7686,115
7687,102
7688,102
7689,110
7690,109
7691,109
7692,104
7693,113
7694,110
7695,104
7696,102
7697,110
7698,109
7699,104
7700,116
7701,104
7702,100
7703,112
7704,116
7705,101
7706,112
7707,101
7708,106
7709,115
7710,112
7711,102
7712,109
7713,110
7714,115
7715,104
7716,104
7717,109
7718,110
7719,102
7720,108
7721,107
7722,104
7723,104
7724,113
7725,113
7726,102
7727,109
7728,100
7729,113
7730,113
7731,115
7732,102
7733,116
7734,102
7735,115
7736,102
7737,104
7738,113
7739,110
7740,104
7741,107
7742,109
7743,102
7744,101
7745,106
7746,101
7747,115
7748,107
7749,110
7750,109
7751,116
7752,100
7753,115
7754,115
7755,104
7756,107
7757,113
7758,103
7759,116
7760,102
7761,108
7762,104
7763,107
7764,102
7765,113
7766,100
7767,103
7768,109
7769,101
7770,109
7771,112
7772,104
7773,110
7774,103
7775,116
7776,113
7777,101
7778,102
7779,113
7780,113
7781,102
7782,108
7783,102
7784,103
7785,102
7786,106
7787,109
7788,116
7789,100
7790,109
7791,107
7792,112
7793,107
7794,108
7795,110
7796,108
7797,102
7798,102
7799,108
7800,100
7801,113
7802,115
7803,103
7804,101
7805,110
7806,100
7807,108
7808,106
7809,103
7810,101
7811,101
7812,109
7813,103
7814,102
7815,113
7816,108
7817,113
7818,101
7819,104
7820,102
7821,107
7822,101
7823,102
7824,102
7825,110
7826,102
7827,104
7828,104
7829,109
7830,116
7831,101
7832,107
7833,116
7834,107
7835,108
7836,108
7837,113
7838,109
7839,107
7840,100
7841,108
7842,109
7843,102
7844,115
7845,103
7846,100
7847,109
7848,101
7849,110
7850,107
7851,107
7852,115
7853,108
7854,113
7855,107
7856,110
7857,116
7858,109
7859,115
7860,113
7861,113
7862,109
7863,109
7864,100
7865,102
7866,116
7867,113
7868,110
7869,101
7870,102
7871,107
7872,110
7873,109
7874,108
7875,116
7876,115
7877,115
7878,104
7879,108
7880,110
7881,110
7882,101
7883,103
7884,109
7885,107
7886,104
7887,100
7888,113
7889,109
7890,113
7891,101
7892,116
7893,107
7894,103
7895,116
7896,112
7897,107
7898,110
7899,109
7900,108
7901,103
7902,106
7903,101
7904,104
7905,109
7906,106
7907,100
7908,104
7909,109
7910,102
7911,110
7912,104
7913,104
7914,109
7915,115
7916,109
7917,113
7918,101
7919,101
7920,113
7921,104
7922,113
7923,109
7924,107
7925,100
7926,109
7927,101
7928,110
7929,112
7930,112
7931,109
7932,108
7933,106
7934,107
7935,113
7936,103
7937,104
7938,102
7939,109
7940,113
7941,116
7942,101
7943,102
7944,103
7945,113
7946,107
7947,109
7948,102
7949,102
7950,107
7951,112
7952,113
7953,100
7954,115
7955,103
7956,110
7957,115
7958,112
7959,113
7960,109
7961,109
7962,104
7963,113
7964,102
7965,106
7966,109
7967,102
7968,106
7969,106
7970,102
7971,109
7972,113
7973,113
7974,110
7975,115
7976,115
7977,109
7978,108
7979,113
7980,101
7981,101
7982,101
7983,106
7984,107
7985,102
7986,104
7987,112
7988,113
7989,104
7990,110
7991,104
7992,101
7993,107
7994,116
7995,115
7996,107
7997,109
7998,113
7999,112
8000,103
8001,101
8002,112
8003,104
8004,116
8005,109
8006,113
8007,109
8008,112
8009,110
8010,113
8011,102
8012,100
8013,107
8014,110
8015,109
8016,102
8017,108
8018,110
8019,102
8020,108
8021,102
8022,101
8023,116
8024,108
8025,116
8026,113
8027,110
8028,116
8029,107
8030,113
8031,109
8032,112
8033,110
8034,113
8035,107
8036,110
8037,110
8038,108
8039,110
8040,106
8041,113
8042,110
8043,101
8044,108
8045,103
8046,100
8047,110
8048,109
8049,109
8050,104
8051,109
8052,109
8053,116
8054,110
8055,104
8056,102
8057,106
8058,115
8059,115
8060,106
8061,108
8062,109
8063,108
8064,113
8065,106
8066,103
8067,102
8068,102
8069,109
8070,108
8071,109
8072,109
8073,113
8074,109
8075,110
8076,104
8077,102
8078,107
8079,107
8080,110
8081,102
8082,102
8083,112
8084,107
8085,102
8086,106
8087,110
8088,101
8089,103
8090,116
8091,102
8092,106
8093,109
8094,112
8095,100
8096,103
8097,113
8098,108
8099,108
8100,109
8101,101
8102,116
8103,115
8104,112
8105,110
8106,104
8107,103
8108,101
8109,109
8110,109
8111,109
8112,115
8113,104
8114,101
8115,107
8116,109
8117,106
8118,103
8119,115
8120,104
8121,110
8122,108
8123,107
8124,116
8125,103
8126,110
8127,106
8128,102
8129,113
8130,102
8131,108
8132,109
8133,102
8134,104
8135,115
8136,109
8137,109
8138,109
8139,109
8140,109
8141,115
8142,109
8143,112
8144,109
8145,101
8146,110
8147,112
8148,109
8149,109
8150,108
8151,107
8152,115
8153,116
8154,113
8155,116
8156,109
8157,108
8158,109
8159,109
8160,101
8161,106
8162,110
8163,101
8164,102
8165,116
8166,107
8167,102
8168,101
8169,103
8170,113
8171,102
8172,110
8173,112
8174,102
8175,102
8176,112
8177,115
8178,107
8179,109
8180,112
8181,109
8182,101
8183,108
8184,104
8185,107
8186,114
8187,100
8188,115
8189,100
8190,102
8191,108
8192,103
8193,106
8194,115
8195,112
8196,100
8197,102
8198,116
8199,103
8200,108
8201,112
8202,115
8203,103
8204,113
8205,109
8206,102
8207,107
8208,102
8209,103
8210,101
8211,115
8212,113
8213,107
8214,113
8215,112
8216,110
8217,107
8218,109
8219,102
8220,112
8221,103
8222,102
8223,104
8224,108
8225,113
8226,109
8227,106
8228,102
8229,115
8230,109
8231,104
8232,112
8233,104
8234,102
8235,107
8236,103
8237,110
8238,102
8239,108
8240,102
8241,116
8242,100
8243,115
8244,102
8245,101
8246,104
8247,113
8248,112
8249,115
8250,101
8251,102
8252,102
8253,116
8254,109
8255,104
8256,102
8257,109
8258,109
8259,109
8260,109
8261,101
8262,102
8263,107
8264,107
8265,100
8266,101
8267,109
8268,116
8269,116
8270,116
8271,112
8272,101
8273,109
8274,116
8275,109
8276,109
8277,100
8278,110
8279,103
8280,108
8281,110
8282,110
8283,104
8284,102
8285,116
8286,108
8287,103
8288,115
8289,109
8290,115
8291,109
8292,101
8293,106
8294,100
8295,102
8296,104
8297,116
8298,115
8299,116
8300,103
8301,101
8302,113
8303,116
8304,106
8305,108
8306,104
8307,102
8308,109
8309,101
8310,102
8311,110
8312,103
8313,101
8314,103
8315,102
8316,109
8317,100
8318,112
8319,108
8320,101
8321,113
8322,102
8323,109
8324,109
8325,103
8326,109
8327,108
8328,109
8329,109
8330,115
8331,113
8332,107
8333,106
8334,108
8335,115
8336,106
8337,102
8338,109
8339,103
8340,110
8341,110
8342,115
8343,112
8344,109
8345,113
8346,112
8347,109
8348,102
8349,116
8350,116
8351,103
8352,109
8353,101
8354,101
8355,108
8356,107
8357,113
8358,110
8359,109
8360,108
8361,116
8362,100
8363,104
8364,103
8365,103
8366,102
8367,103
8368,109
8369,106
8370,116
8371,102
8372,110
8373,109
8374,101
8375,113
8376,110
8377,101
8378,113
8379,108
8380,101
8381,100
8382,103
8383,103
8384,109
8385,104
8386,100
8387,112
8388,109
8389,100
8390,101
8391,101
8392,107
8393,109
8394,100
8395,115
8396,109
8397,115
8398,109
8399,110
8400,101
8401,109
8402,104
8403,103
8404,109
8405,110
8406,107
8407,104
8408,108
8409,104
8410,108
8411,107
8412,106
8413,104
8414,100
8415,101
8416,110
8417,102
8418,102
8419,102
8420,101
8421,101
8422,104
8423,112
8424,108
8425,108
8426,109
8427,101
8428,101
8429,109
8430,108
8431,102
8432,113
8433,108
8434,112
8435,116
8436,113
8437,106
8438,110
8439,113
8440,113
8441,109
8442,116
8443,109
8444,102
8445,107
8446,101
8447,112
8448,115
8449,104
8450,112
8451,113
8452,103
8453,108
8454,101
8455,110
8456,101
8457,116
8458,106
8459,109
8460,113
8461,102
8462,113
8463,114
8464,109
8465,102
8466,113
8467,110
8468,110
8469,102
8470,107
8471,113
8472,101
8473,109
8474,104
8475,108
8476,110
8477,113
8478,109
8479,102
8480,113
8481,108
8482,110
8483,113
8484,103
8485,104
8486,109
8487,115
8488,101
8489,101
8490,109
8491,106
8492,103
8493,108
8494,102
8495,109
8496,109
8497,110
8498,115
8499,102
8500,109
8501,108
8502,104
8503,103
8504,101
8505,109
8506,109
8507,113
8508,113
8509,112
8510,103
8511,112
8512,116
8513,110
8514,107
8515,112
8516,103
8517,104
8518,104
8519,101
8520,102
8521,103
8522,110
8523,102
8524,107
8525,116
8526,104
8527,102
8528,115
8529,107
8530,108
8531,102
8532,109
8533,110
8534,102
8535,101
8536,110
8537,107
8538,109
8539,106
8540,107
8541,116
8542,102
8543,106
8544,109
8545,106
8546,103
8547,107
8548,109
8549,101
8550,110
8551,107
8552,107
8553,113
8554,109
8555,104
8556,103
8557,100
8558,100
8559,110
8560,110
8561,108
8562,102
8563,112
8564,115
8565,110
8566,102
8567,102
8568,100
8569,109
8570,110
8571,107
8572,101
8573,107
8574,101
8575,110
8576,110
8577,101
8578,104
8579,102
8580,106
8581,103
8582,107
8583,104
8584,113
8585,110
8586,108
8587,106
8588,112
8589,108
8590,109
8591,112
8592,109
8593,113
8594,106
8595,109
8596,101
8597,108
8598,100
8599,108
8600,102
8601,112
8602,109
8603,108
8604,113
8605,109
8606,106
8607,106
8608,107
8609,108
8610,110
8611,106
8612,102
8613,104
8614,106
8615,108
8616,101
8617,108
8618,113
8619,102
8620,109
8621,103
8622,102
8623,115
8624,109
8625,109
8626,109
8627,102
8628,108
8629,108
8630,110
8631,101
8632,108
8633,106
8634,116
8635,103
8636,107
8637,103
8638,108
8639,113
8640,104
8641,101
8642,103
8643,104
8644,106
8645,110
8646,108
8647,102
8648,110
8649,109
8650,100
8651,106
8652,115
8653,112
8654,110
8655,113
8656,109
8657,108
8658,115
8659,110
8660,102
8661,112
8662,106
8663,109
8664,113
8665,107
8666,116
8667,100
8668,112
8669,103
8670,103
8671,110
8672,107
8673,109
8674,102
8675,104
8676,113
8677,113
8678,113
8679,101
8680,102
8681,112
8682,109
8683,106
8684,109
8685,101
8686,104
8687,104
8688,106
8689,101
8690,109
8691,113
8692,102
8693,107
8694,110
8695,107
8696,109
8697,101
8698,115
8699,102
8700,110
8701,107
8702,110
8703,106
8704,116
8705,102
8706,113
8707,101
8708,100
8709,113
8710,100
8711,106
8712,100
8713,110
8714,107
8715,108
8716,116
8717,107
8718,100
8719,106
8720,101
8721,113
8722,112
8723,107
8724,102
8725,116
8726,101
8727,101
8728,101
8729,102
8730,113
8731,103
8732,107
8733,103
8734,103
8735,113
8736,104
8737,115
8738,110
8739,116
8740,102
8741,107
8742,115
8743,109
8744,101
8745,101
8746,109
8747,113
8748,100
8749,108
8750,116
8751,107
8752,102
8753,112
8754,112
8755,110
8756,115
8757,109
8758,109
8759,110
8760,109
8761,104
8762,108
8763,115
8764,109
8765,110
8766,103
8767,107
8768,108
8769,104
8770,102
8771,102
8772,101
8773,109
8774,112
8775,115
8776,103
8777,101
8778,107
8779,107
8780,102
8781,110
8782,113
8783,104
8784,103
8785,102
8786,107
8787,104
8788,108
8789,107
8790,107
8791,113
8792,103
8793,104
8794,109
8795,113
8796,115
8797,109
8798,107
8799,115
8800,110
8801,109
8802,109
8803,115
8804,101
8805,110
8806,109
8807,115
8808,113
8809,112
8810,107
8811,100
8812,100
8813,106
8814,109
8815,108
8816,107
8817,102
8818,101
8819,106
8820,103
8821,107
8822,113
8823,109
8824,101
8825,102
8826,109
8827,110
8828,110
8829,116
8830,109
8831,104
8832,109
8833,116
8834,108
8835,113
8836,104
8837,108
8838,103
8839,110
8840,113
8841,101
8842,107
8843,106
8844,107
8845,108
8846,109
8847,107
8848,102
8849,110
8850,108
8851,104
8852,112
8853,109
8854,115
8855,108
8856,110
8857,109
8858,102
8859,113
8860,113
8861,102
8862,107
8863,109
8864,102
8865,109
8866,102
8867,109
8868,107
8869,102
8870,107
8871,101
8872,102
8873,103
8874,101
8875,107
8876,113
8877,115
8878,108
8879,104
8880,101
8881,101
8882,103
8883,100
8884,102
8885,102
8886,101
8887,113
8888,106
8889,110
8890,100
8891,108
8892,109
8893,112
8894,109
8895,110
8896,115
8897,109
8898,102
8899,110
8900,109
8901,102
8902,106
8903,109
8904,104
8905,107
8906,104
8907,103
8908,102
8909,115
8910,102
8911,110
8912,113
8913,104
8914,108
8915,102
8916,107
8917,101
8918,103
8919,101
8920,106
8921,110
8922,107
8923,115
8924,112
8925,108
8926,101
8927,104
8928,110
8929,116
8930,104
8931,107
8932,113
8933,113
8934,106
8935,110
8936,104
8937,116
8938,109
8939,109
8940,107
8941,102
8942,113
8943,103
8944,110
8945,107
8946,102
8947,102
8948,109
8949,103
8950,103
8951,115
8952,108
8953,109
8954,103
8955,113
8956,109
8957,101
8958,101
8959,106
8960,108
8961,100
8962,103
8963,110
8964,109
8965,116
8966,106
8967,107
8968,107
8969,116
8970,102
8971,112
8972,108
8973,115
8974,101
8975,106
8976,102
8977,109
8978,110
8979,109
8980,100
8981,113
8982,109
8983,108
8984,101
8985,109
8986,108
8987,108
8988,101
8989,113
8990,104
8991,101
8992,112
8993,112
8994,109
8995,109
8996,101
8997,110
8998,109
8999,113
9000,107
9001,109
9002,112
9003,102
9004,101
9005,116
9006,104
9007,112
9008,102
9009,101
9010,101
9011,109
9012,107
9013,115
9014,109
9015,109
9016,109
9017,110
9018,101
9019,104
9020,109
9021,103
9022,103
9023,110
9024,104
9025,101
9026,113
9027,110
9028,102
9029,102
9030,102
9031,107
9032,100
9033,115
9034,115
9035,109
9036,109
9037,113
9038,104
9039,109
9040,112
9041,107
9042,103
9043,102
9044,103
9045,104
9046,101
9047,114
9048,100
9049,103
9050,103
9051,109
9052,108
9053,115
9054,109
9055,116
9056,104
9057,113
9058,109
9059,102
9060,104
9061,103
9062,106
9063,102
9064,101
9065,101
9066,101
9067,103
9068,115
9069,107
9070,108
9071,110
9072,113
9073,103
9074,110
9075,102
9076,101
9077,101
9078,110
9079,112
9080,109
9081,106
9082,109
9083,112
9084,109
9085,106
9086,104
9087,116
9088,102
9089,104
9090,109
9091,110
9092,116
9093,112
9094,107
9095,104
9096,102
9097,101
9098,103
9099,112
9100,101
9101,104
9102,103
9103,103
9104,110
9105,109
9106,109
9107,109
9108,103
9109,109
9110,102
9111,115
9112,115
9113,100
9114,109
9115,113
9116,101
9117,101
9118,106
9119,100
9120,102
9121,102
9122,101
9123,102
9124,112
9125,114
9126,101
9127,107
9128,101
9129,103
9130,107
9131,101
9132,112
9133,102
9134,104
9135,100
9136,109
9137,109
9138,115
9139,113
9140,112
9141,108
9142,101
9143,102
9144,102
9145,110
9146,109
9147,115
9148,109
9149,104
9150,112
9151,102
9152,100
9153,112
9154,113
9155,110
9156,109
9157,115
9158,107
9159,115
9160,101
9161,116
9162,109
9163,103
9164,113
9165,110
9166,109
9167,113
9168,109
9169,116
9170,109
9171,108
9172,101
9173,107
9174,113
9175,110
9176,100
9177,107
9178,107
9179,112
9180,109
9181,110
9182,116
9183,104
9184,107
9185,103
9186,112
9187,110
9188,102
9189,109
9190,109
9191,115
9192,109
9193,109
9194,109
9195,104
9196,103
9197,104
9198,103
9199,102
9200,104
9201,101
9202,108
9203,108
9204,107
9205,102
9206,116
9207,113
9208,109
9209,116
9210,112
9211,107
9212,113
9213,113
9214,108
9215,108
9216,102
9217,113
9218,101
9219,110
9220,106
9221,113
9222,116
9223,113
9224,115
9225,102
9226,112
9227,101
9228,102
9229,101
9230,115
9231,106
9232,107
9233,108
9234,109
9235,103
9236,102
9237,106
9238,109
9239,103
9240,113
9241,104
9242,107
9243,101
9244,112
9245,112
9246,110
9247,112
9248,101
9249,109
9250,109
9251,110
9252,109
9253,109
9254,112
9255,110
9256,109
9257,102
9258,104
9259,106
9260,102
9261,101
9262,108
9263,104
9264,115
9265,113
9266,113
9267,109
9268,110
9269,116
9270,100
9271,109
9272,116
9273,104
9274,106
9275,109
9276,116
9277,109
9278,109
9279,104
9280,102
9281,114
9282,112
9283,108
9284,110
9285,101
9286,113
9287,109
9288,110
9289,112
9290,101
9291,113
9292,101
9293,109
9294,102
9295,106
9296,106
9297,100
9298,112
9299,109
9300,116
9301,115
9302,110
9303,108
9304,110
9305,104
9306,112
9307,116
9308,104
9309,101
9310,116
9311,113
9312,109
9313,109
9314,100
9315,102
9316,110
9317,106
9318,110
9319,110
9320,110
9321,110
9322,101
9323,101
9324,112
9325,104
9326,108
9327,116
9328,107
9329,109
9330,113
9331,102
9332,101
9333,102
9334,106
9335,101
9336,109
9337,104
9338,101
9339,112
9340,113
9341,103
9342,108
9343,108
9344,113
9345,109
9346,115
9347,107
9348,109
9349,102
9350,116
9351,110
9352,109
9353,100
9354,101
9355,101
9356,101
9357,108
9358,100
9359,102
9360,101
9361,110
9362,114
9363,102
9364,102
9365,101
9366,109
9367,104
9368,106
9369,107
9370,110
9371,113
9372,109
9373,116
9374,107
9375,110
9376,109
9377,109
9378,102
9379,108
9380,109
9381,113
9382,109
9383,108
9384,102
9385,102
9386,100
9387,109
9388,100
9389,116
9390,110
9391,104
9392,107
9393,102
9394,102
9395,103
9396,112
9397,110
9398,104
9399,107
9400,102
9401,101
9402,116
9403,101
9404,115
9405,112
9406,104
9407,106
9408,102
9409,110
9410,110
9411,109
9412,102
9413,116
9414,110
9415,115
9416,100
9417,107
9418,104
9419,116
9420,115
9421,106
9422,110
9423,116
9424,102
9425,110
9426,104
9427,115
9428,110
9429,108
9430,100
9431,102
9432,100
9433,102
9434,102
9435,116
9436,112
9437,109
9438,101
9439,102
9440,100
9441,115
9442,113
9443,102
9444,116
9445,102
9446,116
9447,102
9448,110
9449,106
9450,115
9451,116
9452,109
9453,116
9454,109
9455,113
9456,101
9457,116
9458,104
9459,112
9460,107
9461,108
9462,107
9463,109
9464,104
9465,113
9466,104
9467,113
9468,107
9469,107
9470,103
9471,115
9472,109
9473,108
9474,107
9475,109
9476,102
9477,102
9478,101
9479,107
9480,110
9481,113
9482,113
9483,110
9484,103
9485,109
9486,109
9487,101
9488,113
9489,107
9490,108
9491,109
9492,108
9493,109
9494,102
9495,100
9496,107
9497,100
9498,104
9499,100
9500,108
9501,113
9502,110
9503,110
9504,101
9505,102
9506,104
9507,107
9508,102
9509,109
9510,101
9511,103
9512,102
9513,115
9514,109
9515,104
9516,116
9517,112
9518,107
9519,112
9520,110
9521,110
9522,115
9523,103
9524,102
9525,104
9526,110
9527,110
9528,103
9529,108
9530,110
9531,104
9532,107
9533,102
9534,112
9535,110
9536,104
9537,108
9538,102
9539,102
9540,109
9541,116
9542,116
9543,103
9544,115
9545,102
9546,103
9547,102
9548,109
9549,104
9550,112
9551,110
9552,109
9553,102
9554,113
9555,101
9556,109
9557,104
9558,106
9559,102
9560,109
9561,110
9562,110
9563,101
9564,109
9565,110
9566,115
9567,113
9568,108
9569,102
9570,108
9571,110
9572,113
9573,109
9574,110
9575,115
9576,110
9577,113
9578,115
9579,113
9580,113
9581,116
9582,107
9583,101
9584,107
9585,102
9586,103
9587,102
9588,113
9589,109
9590,101
9591,107
9592,102
9593,104
9594,113
9595,112
9596,110
9597,104
9598,104
9599,109
9600,104
9601,108
9602,102
9603,108
9604,112
9605,101
9606,101
9607,104
9608,116
9609,109
9610,113
9611,106
9612,100
9613,102
9614,110
9615,109
9616,109
9617,108
9618,104
9619,107
9620,108
9621,110
9622,102
9623,103
9624,116
9625,104
9626,115
9627,102
9628,115
9629,113
9630,115
9631,103
9632,107
9633,115
9634,101
9635,109
9636,104
9637,107
9638,115
9639,113
9640,102
9641,101
9642,102
9643,113
9644,103
9645,107
9646,113
9647,104
9648,102
9649,109
9650,110
9651,102
9652,101
9653,101
9654,110
9655,116
9656,102
9657,113
9658,108
9659,108
9660,110
9661,112
9662,108
9663,109
9664,107
9665,110
9666,109
9667,100
9668,102
9669,109
9670,110
9671,101
9672,101
9673,101
9674,107
9675,113
9676,106
9677,112
9678,110
9679,113
9680,102
9681,103
9682,113
9683,107
9684,108
9685,108
9686,108
9687,116
9688,106
9689,108
9690,109
9691,102
9692,109
9693,108
9694,104
9695,116
9696,107
9697,112
9698,110
9699,104
9700,106
9701,112
9702,101
9703,116
9704,101
9705,104
9706,113
9707,109
9708,109
9709,116
9710,101
9711,102
9712,104
9713,116
9714,106
9715,113
9716,104
9717,112
9718,101
9719,112
9720,102
9721,115
9722,101
9723,106
9724,100
9725,108
9726,100
9727,113
9728,108
9729,108
9730,110
9731,110
9732,109
9733,109
9734,112
9735,102
9736,102
9737,102
9738,116
9739,107
9740,113
9741,116
9742,108
9743,113
9744,110
9745,102
9746,103
9747,102
9748,103
9749,103
9750,109
9751,100
9752,102
9753,100
9754,116
9755,101
9756,102
9757,116
9758,112
9759,102
9760,102
9761,102
9762,116
9763,108
9764,110
9765,107
9766,116
9767,102
9768,109
9769,107
9770,103
9771,106
9772,106
9773,104
9774,116
9775,102
9776,104
9777,116
9778,107
9779,103
9780,112
9781,104
9782,115
9783,116
9784,104
9785,101
9786,101
9787,116
9788,113
9789,109
9790,103
9791,104
9792,104
9793,112
9794,109
9795,112
9796,106
9797,113
9798,110
9799,109
9800,112
9801,112
9802,112
9803,110
9804,101
9805,108
9806,110
9807,103
9808,101
9809,101
9810,101
9811,112
9812,110
9813,109
9814,104
9815,103
9816,101
9817,110
9818,113
9819,104
9820,104
9821,106
9822,113
9823,115
9824,103
9825,106
9826,107
9827,102
9828,109
9829,102
9830,100
9831,116
9832,113
9833,108
9834,112
9835,103
9836,106
9837,115
9838,101
9839,102
9840,109
9841,100
9842,101
9843,102
9844,110
9845,112
9846,102
9847,108
9848,104
9849,107
9850,115
9851,103
9852,102
9853,102
9854,108
9855,112
9856,109
9857,103
9858,112
9859,116
9860,103
9861,115
9862,116
9863,108
9864,113
9865,115
9866,113
9867,109
9868,109
9869,109
9870,110
9871,106
9872,104
9873,108
9874,104
9875,109
9876,112
9877,103
9878,115
9879,115
9880,106
9881,102
9882,102
9883,108
9884,107
9885,110
9886,116
9887,104
9888,110
9889,102
9890,107
9891,104
9892,100
9893,101
9894,103
9895,116
9896,104
9897,104
9898,109
9899,104
9900,104
9901,103
9902,115
9903,109
9904,101
9905,104
9906,113
9907,110
9908,112
9909,106
9910,104
9911,109
9912,101
9913,103
9914,110
9915,103
9916,109
9917,112
9918,101
9919,112
9920,103
9921,116
9922,103
9923,108
9924,100
9925,107
9926,109
9927,109
9928,104
9929,109
9930,103
9931,104
9932,116
9933,106
9934,112
9935,108
9936,109
9937,110
9938,104
9939,109
9940,112
9941,102
9942,108
9943,109
9944,112
9945,100
9946,101
9947,109
9948,112
9949,102
9950,103
9951,109
9952,110
9953,103
9954,100
9955,101
9956,116
9957,102
9958,110
9959,109
9960,104
9961,109
9962,106
9963,115
9964,116
9965,113
9966,104
9967,113
9968,101
9969,110
9970,116
9971,102
9972,110
9973,112
9974,104
9975,103
9976,108
9977,109
9978,113
9979,109
9980,116
9981,106
9982,116
9983,112
9984,116
9985,116
9986,115
9987,116
9988,107
9989,116
9990,104
9991,101
9992,102
9993,104
9994,108
9995,112
9996,110
9997,100
9998,109
9999,110
